城市|区域|户型|面积|楼层|朝向_东|朝向_北|朝向_南|朝向_西|装修_毛坯|装修_简装|装修_精装|板塔_塔楼|板塔_板塔结合|板塔_板楼|房价
郑州|高新区|7|87.27|34|0|0|1|0|0|0|1|0|0|1|130.0
郑州|高新区|9|131.03|27|0|0|1|0|0|0|1|0|1|0|255.0
郑州|高新区|9|128.21|34|0|0|1|0|0|0|1|0|0|1|165.0
郑州|高新区|6|87.74|7|0|0|1|0|0|1|0|0|0|1|136.0
郑州|高新区|7|90.65|32|0|0|1|0|0|0|1|0|1|0|126.0
郑州|高新区|7|126.41|18|0|0|1|0|0|1|0|0|0|1|1845.0
郑州|高新区|6|139.95|34|0|0|1|0|0|0|1|0|0|1|200.0
郑州|高新区|7|110.74|18|0|0|1|0|1|0|0|0|1|0|133.0
郑州|高新区|4|104.57|18|0|0|1|0|0|0|1|1|0|0|111.0
郑州|高新区|7|86.67|33|0|0|1|0|0|0|1|1|0|0|124.0
郑州|高新区|7|86.67|27|0|0|1|0|0|0|1|0|0|1|173.0
郑州|高新区|7|104.09|18|0|0|1|0|0|1|0|0|0|1|113.0
郑州|高新区|7|85.11|34|0|0|1|0|0|1|0|0|0|1|116.0
郑州|高新区|7|96.01|6|0|0|1|0|0|0|1|0|0|1|126.0
郑州|高新区|5|85.99|15|0|0|1|0|0|0|1|0|0|1|103.0
郑州|高新区|7|88.61|34|0|0|1|0|0|0|1|0|1|0|114.0
郑州|高新区|7|75.12|20|0|0|1|0|0|1|0|0|1|0|1175.0
郑州|高新区|7|89.88|28|0|0|1|0|0|0|1|0|1|0|152.0
郑州|高新区|9|81.62|11|0|0|1|0|0|0|1|0|0|1|118.0
郑州|高新区|6|108.07|17|0|0|1|0|0|0|1|0|1|0|129.0
郑州|高新区|9|125.31|26|0|0|1|0|0|0|1|0|0|1|170.0
郑州|高新区|7|125.31|18|0|0|1|0|0|1|0|1|0|0|143.0
郑州|高新区|6|90.67|32|0|0|1|0|0|0|1|0|1|0|119.0
郑州|高新区|9|90.67|15|0|0|1|0|0|0|1|0|0|1|200.0
郑州|高新区|7|89.04|34|0|0|1|0|1|0|0|0|0|1|121.0
郑州|高新区|7|89.04|18|0|0|1|0|0|1|0|0|1|0|130.0
郑州|高新区|7|108.36|18|0|0|1|0|0|1|0|0|0|1|149.0
郑州|高新区|7|88.44|34|0|0|1|0|0|1|0|0|1|0|113.0
郑州|高新区|5|81.61|33|0|0|1|0|0|0|1|0|0|1|122.0
郑州|高新区|4|73.55|23|0|0|1|0|0|1|0|1|0|0|735.0
郑州|高新区|9|111.23|33|0|0|1|0|0|0|1|0|1|0|210.0
郑州|高新区|7|88.97|22|0|0|1|0|0|0|1|0|1|0|135.0
郑州|高新区|5|88.97|17|0|0|1|0|0|0|1|1|0|0|110.0
郑州|高新区|7|88.28|34|0|0|1|0|0|0|1|0|0|1|156.0
郑州|高新区|7|89.71|30|0|0|1|0|0|0|1|1|0|0|132.0
郑州|高新区|6|89.71|34|0|0|1|0|0|0|1|0|1|0|145.0
郑州|高新区|7|89.71|33|0|0|1|0|0|0|1|0|1|0|140.0
郑州|高新区|5|89.71|7|0|0|1|0|0|1|0|0|0|1|120.0
郑州|高新区|5|89.63|33|0|0|1|0|0|1|0|0|0|1|125.0
郑州|高新区|7|89.63|15|0|0|1|0|0|1|0|0|0|1|123.0
郑州|高新区|1|47.69|33|0|1|0|0|0|1|0|0|1|0|60.0
郑州|高新区|7|109.31|18|0|0|1|0|0|0|1|0|0|1|138.0
郑州|高新区|7|89.26|34|0|0|1|0|1|0|0|0|0|1|175.0
郑州|高新区|6|89.85|34|0|0|1|0|0|0|1|0|0|1|124.0
郑州|高新区|2|51.88|33|0|0|1|0|0|1|0|0|1|0|675.0
郑州|高新区|4|68.59|34|0|0|1|0|0|1|0|0|1|0|91.0
郑州|高新区|4|87.65|18|1|0|0|0|0|0|1|0|0|1|113.0
郑州|高新区|7|84.17|33|0|0|1|0|0|0|1|0|0|1|116.0
郑州|高新区|7|89.72|34|0|0|1|0|0|0|1|0|0|1|126.0
郑州|高新区|5|83.85|7|0|0|1|0|0|1|0|0|0|1|75.0
郑州|高新区|7|83.85|34|0|0|1|0|0|0|1|0|0|1|169.0
郑州|高新区|6|88.08|33|0|0|1|0|0|0|1|0|0|1|1149.0
郑州|高新区|7|111.69|33|0|0|1|0|0|0|1|0|0|1|150.0
郑州|高新区|1|55.92|17|0|0|1|0|0|1|0|0|0|1|75.0
郑州|高新区|6|106.88|27|0|0|1|0|0|0|1|0|0|1|156.0
郑州|高新区|4|40.86|20|0|1|0|0|0|1|0|0|1|0|46.0
郑州|高新区|7|87.27|34|0|0|1|0|0|0|1|0|0|1|116.0
郑州|高新区|1|45.91|34|0|0|1|0|0|1|0|0|1|0|35.0
郑州|高新区|4|71.14|34|0|0|1|0|0|0|1|0|0|1|99.0
郑州|高新区|7|113.77|31|0|0|1|0|0|0|1|0|1|0|206.0
郑州|高新区|7|90.81|33|0|0|1|0|0|0|1|1|0|0|159.0
郑州|高新区|7|115.76|26|0|0|1|0|0|0|1|1|0|0|185.0
郑州|高新区|7|89.63|34|0|0|1|0|0|1|0|0|0|1|129.0
郑州|高新区|7|108.81|28|0|0|1|0|0|0|1|0|0|1|117.0
郑州|高新区|7|86.81|33|0|0|1|0|0|0|1|0|1|0|159.0
郑州|高新区|7|85.11|34|0|0|1|0|0|0|1|0|0|1|113.0
郑州|高新区|7|89.63|34|0|0|1|0|0|0|1|0|0|1|125.0
郑州|高新区|7|81.59|34|0|0|1|0|0|0|1|0|1|0|120.0
郑州|高新区|5|76.24|6|0|0|1|0|0|0|1|0|0|1|98.0
郑州|高新区|4|100.93|17|0|0|1|0|0|1|0|0|0|1|99.0
郑州|高新区|0|46.91|24|0|0|1|0|0|1|0|0|1|0|469.0
郑州|高新区|7|46.91|26|0|0|1|0|0|0|1|0|1|0|122.0
郑州|高新区|6|124.51|27|0|0|1|0|0|0|1|0|0|1|168.0
郑州|高新区|7|88.62|34|0|0|1|0|1|0|0|0|1|0|159.0
郑州|高新区|5|78.73|34|0|0|1|0|0|1|0|0|0|1|165.0
郑州|高新区|6|84.31|15|0|0|1|0|0|0|1|0|1|0|110.0
郑州|高新区|1|55.88|17|0|0|1|0|0|1|0|0|0|1|81.0
郑州|高新区|4|37.74|20|0|1|0|0|0|0|1|0|1|0|55.0
郑州|高新区|1|56.08|11|0|0|1|0|0|1|0|0|1|0|75.0
郑州|高新区|0|46.91|24|0|0|1|0|0|0|1|0|1|0|48.0
郑州|高新区|6|99.27|26|0|0|1|0|0|0|1|1|0|0|112.0
郑州|高新区|7|91.93|33|0|0|1|0|0|0|1|0|0|1|158.0
郑州|高新区|7|88.18|15|0|0|1|0|0|0|1|0|0|1|995.0
郑州|高新区|4|100.93|17|0|0|1|0|0|1|0|0|0|1|1069.0
郑州|高新区|7|126.28|34|0|0|1|0|0|1|0|0|0|1|165.0
郑州|高新区|5|92.57|27|0|0|1|0|0|0|1|0|1|0|116.0
郑州|高新区|7|92.57|34|0|0|1|0|0|0|1|0|1|0|128.0
郑州|高新区|7|89.31|34|0|0|1|0|0|1|0|0|0|1|130.0
郑州|高新区|9|122.41|6|0|0|1|0|0|0|1|0|0|1|130.0
郑州|高新区|7|106.96|34|0|0|1|0|1|0|0|0|0|1|152.0
郑州|高新区|7|111.05|34|0|0|1|0|0|1|0|0|1|0|150.0
郑州|高新区|5|82.01|33|0|0|1|0|0|0|1|0|0|1|92.0
郑州|高新区|6|88.61|34|0|0|1|0|0|0|1|0|1|0|123.0
郑州|高新区|1|55.33|30|0|0|1|0|0|0|1|0|0|1|83.0
郑州|高新区|4|55.33|20|0|1|0|0|0|1|0|0|1|0|51.0
郑州|高新区|7|88.15|34|0|0|1|0|1|0|0|0|0|1|190.0
郑州|高新区|7|97.73|15|0|0|1|0|0|0|1|0|0|1|120.0
郑州|高新区|6|88.24|34|0|0|1|0|0|0|1|0|1|0|103.0
郑州|高新区|7|106.14|33|0|0|1|0|0|0|1|0|0|1|148.0
郑州|高新区|4|54.14|6|0|0|1|0|0|1|0|0|0|1|70.0
郑州|高新区|7|91.68|24|0|0|1|0|1|0|0|0|0|1|114.0
郑州|高新区|7|134.45|27|0|0|1|0|0|0|1|0|1|0|155.0
郑州|高新区|7|87.03|33|0|0|1|0|0|0|1|1|0|0|115.0
郑州|高新区|5|72.98|34|0|0|1|0|0|1|0|0|1|0|945.0
郑州|高新区|7|88.29|33|0|0|1|0|0|1|0|0|0|1|115.0
郑州|高新区|5|78.92|34|0|0|1|0|0|1|0|0|1|0|103.0
郑州|高新区|7|87.26|33|0|0|1|0|0|0|1|0|0|1|122.0
郑州|高新区|7|88.14|6|0|0|1|0|0|0|1|0|0|1|91.0
郑州|高新区|7|88.14|6|0|0|1|0|0|0|1|0|0|1|121.0
郑州|高新区|6|94.02|33|0|0|1|0|0|0|1|0|0|1|142.0
郑州|高新区|7|87.75|34|0|0|1|0|0|1|0|0|0|1|116.0
郑州|高新区|7|89.67|34|0|0|1|0|0|0|1|0|0|1|179.0
郑州|高新区|7|88.12|33|0|0|1|0|0|0|1|1|0|0|133.0
郑州|高新区|7|106.73|18|0|0|1|0|0|0|1|1|0|0|130.0
郑州|高新区|0|42.71|9|1|0|0|0|0|1|0|0|0|1|348.0
郑州|高新区|4|70.47|30|0|0|1|0|0|0|1|1|0|0|103.0
郑州|高新区|7|121.87|18|0|0|1|0|0|0|1|0|1|0|136.0
郑州|高新区|7|121.87|18|0|0|1|0|0|0|1|1|0|0|149.0
郑州|高新区|7|117.42|34|0|0|1|0|0|0|1|0|0|1|260.0
郑州|高新区|7|88.61|34|0|0|1|0|0|0|1|0|1|0|115.0
郑州|高新区|7|93.89|27|0|0|1|0|0|0|1|0|0|1|133.0
郑州|高新区|5|57.64|34|0|0|1|0|0|0|1|0|0|1|75.0
郑州|高新区|0|33.05|28|0|1|0|0|0|0|1|0|0|1|22.0
郑州|高新区|1|51.95|33|0|1|0|0|0|1|0|0|1|0|637.0
郑州|高新区|9|128.17|34|0|0|1|0|1|0|0|0|0|1|140.0
郑州|高新区|7|91.88|33|0|0|1|0|0|1|0|0|0|1|127.0
郑州|高新区|6|98.11|7|0|0|1|0|0|0|1|0|0|1|150.0
郑州|高新区|5|88.25|33|0|0|1|0|1|0|0|0|1|0|110.0
郑州|高新区|5|93.26|16|0|0|1|0|0|1|0|0|1|0|122.0
郑州|高新区|7|90.63|28|0|0|1|0|0|0|1|0|1|0|170.0
郑州|高新区|7|121.01|6|0|0|1|0|0|0|1|1|0|0|250.0
郑州|高新区|7|139.95|34|0|0|1|0|0|0|1|0|0|1|198.0
郑州|高新区|7|139.95|20|0|0|1|0|0|0|1|0|1|0|219.0
郑州|高新区|7|89.17|27|0|0|1|0|0|0|1|0|1|0|165.0
郑州|高新区|5|89.17|17|1|0|0|0|0|1|0|0|0|1|1198.0
郑州|高新区|7|91.83|33|0|0|1|0|1|0|0|0|0|1|153.0
郑州|高新区|6|139.59|6|0|0|1|0|0|1|0|0|0|1|137.0
郑州|高新区|7|139.59|6|0|0|1|0|0|1|0|0|1|0|155.0
郑州|高新区|12|139.59|3|0|0|1|0|0|1|0|0|0|1|380.0
郑州|高新区|11|278.87|16|0|0|1|0|1|0|0|0|1|0|330.0
郑州|高新区|7|128.18|27|0|0|1|0|0|0|1|0|0|1|193.0
郑州|高新区|7|89.51|34|0|0|1|0|0|0|1|0|1|0|170.0
郑州|高新区|6|89.51|27|0|0|1|0|0|0|1|0|0|1|192.0
郑州|高新区|4|77.28|34|0|0|1|0|0|0|1|0|0|1|103.0
郑州|高新区|4|89.33|34|0|0|1|0|0|1|0|0|0|1|150.0
郑州|高新区|6|78.78|11|0|0|1|0|0|1|0|0|0|1|105.0
郑州|高新区|1|52.01|33|0|1|0|0|0|1|0|0|1|0|72.0
郑州|高新区|4|68.97|32|0|0|1|0|0|1|0|0|1|0|83.0
郑州|高新区|9|139.59|6|0|0|1|0|0|1|0|0|0|1|147.0
郑州|高新区|8|123.71|34|0|0|1|0|0|0|1|0|0|1|185.0
郑州|高新区|7|89.67|34|0|0|1|0|1|0|0|0|0|1|135.0
郑州|高新区|5|89.67|34|0|0|1|0|0|0|1|0|1|0|97.0
郑州|高新区|7|89.49|34|0|0|1|0|0|0|1|0|1|0|126.0
郑州|高新区|7|92.91|33|0|0|1|0|0|0|1|0|1|0|135.0
郑州|高新区|7|92.91|32|0|0|1|0|0|0|1|0|1|0|128.0
郑州|高新区|9|149.65|11|1|0|0|0|0|0|1|0|1|0|225.0
郑州|高新区|5|83.75|11|0|0|1|0|0|0|1|0|0|1|100.0
郑州|高新区|1|47.58|18|0|1|0|0|0|0|1|0|1|0|72.0
郑州|高新区|7|47.58|33|0|0|1|0|0|0|1|0|1|0|118.0
郑州|高新区|1|39.24|15|1|0|0|0|0|1|0|0|1|0|36.0
郑州|高新区|7|116.33|33|0|0|1|0|0|0|1|0|0|1|155.0
郑州|高新区|5|93.58|6|0|0|1|0|0|1|0|0|0|1|125.0
郑州|高新区|4|67.79|6|0|0|1|0|0|0|1|0|0|1|88.0
郑州|高新区|6|89.37|30|0|0|1|0|0|1|0|0|1|0|80.0
郑州|高新区|7|89.61|33|0|0|1|0|1|0|0|0|1|0|115.0
郑州|高新区|7|131.08|18|1|0|0|0|0|1|0|0|0|1|170.0
郑州|高新区|11|76.83|19|0|0|1|0|0|0|1|0|1|0|80.0
郑州|高新区|8|99.75|34|0|0|1|0|0|1|0|0|1|0|120.0
郑州|高新区|9|165.49|34|1|0|0|0|0|1|0|0|1|0|190.0
郑州|高新区|9|114.58|17|0|0|1|0|0|1|0|0|0|1|162.0
郑州|高新区|7|117.66|7|0|0|1|0|0|0|1|0|0|1|187.0
郑州|高新区|6|87.67|27|0|0|1|0|0|1|0|0|0|1|114.0
郑州|高新区|7|129.91|18|0|0|1|0|0|1|0|0|1|0|167.0
郑州|高新区|9|113.53|7|1|0|0|0|0|1|0|0|0|1|98.0
郑州|高新区|7|130.02|33|0|0|1|0|0|1|0|0|0|1|195.0
郑州|高新区|9|90.98|18|0|0|1|0|0|1|0|0|1|0|142.0
郑州|高新区|9|130.91|34|0|0|1|0|1|0|0|0|0|1|2533.0
郑州|高新区|6|113.49|6|0|0|1|0|0|0|1|0|0|1|142.0
郑州|高新区|7|126.13|33|1|0|0|0|0|1|0|0|0|1|248.0
郑州|高新区|6|90.63|27|0|0|1|0|0|1|0|0|1|0|169.0
郑州|高新区|7|109.16|17|0|0|1|0|0|0|1|0|0|1|127.0
郑州|高新区|7|109.16|34|0|0|1|0|0|1|0|0|1|0|116.0
郑州|高新区|7|125.38|7|0|0|1|0|0|0|1|0|1|0|178.0
郑州|高新区|6|120.36|16|0|0|1|0|1|0|0|0|1|0|142.0
郑州|高新区|4|48.32|20|0|0|1|0|0|1|0|0|1|0|71.0
郑州|高新区|6|94.26|33|0|0|1|0|0|0|1|0|0|1|148.0
郑州|高新区|7|86.77|17|0|0|1|0|0|0|1|0|0|1|135.0
郑州|高新区|7|88.24|34|0|0|1|0|0|1|0|0|1|0|118.0
郑州|高新区|6|89.96|34|0|0|1|0|0|1|0|0|0|1|123.0
郑州|高新区|4|100.93|17|0|1|0|0|0|1|0|0|0|1|102.0
郑州|高新区|7|89.86|32|0|0|1|0|0|1|0|0|1|0|157.0
郑州|高新区|5|86.54|6|0|0|1|0|1|0|0|0|0|1|88.0
郑州|高新区|7|92.39|33|0|0|1|0|1|0|0|0|0|1|145.0
郑州|高新区|7|88.86|34|0|0|1|0|0|1|0|0|0|1|175.0
郑州|高新区|5|74.48|7|0|0|1|0|0|1|0|0|0|1|60.0
郑州|高新区|7|109.08|18|0|0|1|0|0|1|0|0|1|0|156.0
郑州|高新区|12|222.88|15|0|0|1|0|0|1|0|0|0|1|390.0
郑州|高新区|6|118.26|7|0|0|1|0|0|1|0|0|0|1|188.0
郑州|高新区|9|130.62|33|0|0|1|0|0|0|1|0|1|0|259.0
郑州|高新区|9|136.99|33|0|0|1|0|0|1|0|0|1|0|280.0
郑州|高新区|6|88.21|34|0|0|1|0|0|1|0|0|0|1|120.0
郑州|高新区|9|140.71|26|0|0|1|0|0|0|1|1|0|0|215.0
郑州|高新区|9|128.51|34|0|0|1|0|0|0|1|1|0|0|165.0
郑州|高新区|7|113.53|24|0|0|1|0|0|0|1|0|0|1|153.0
郑州|高新区|7|130.02|33|0|0|1|0|0|0|1|0|0|1|222.0
郑州|高新区|6|92.25|11|0|0|1|0|0|0|1|0|0|1|130.0
郑州|高新区|6|89.67|34|0|0|1|0|0|1|0|0|0|1|140.0
郑州|高新区|6|49.91|20|0|0|1|0|0|0|1|0|1|0|75.0
郑州|高新区|6|90.33|26|0|0|1|0|0|1|0|0|0|1|120.0
郑州|高新区|7|85.23|34|0|0|1|0|0|1|0|0|0|1|115.0
郑州|高新区|6|49.91|20|0|0|1|0|0|0|1|0|1|0|75.0
郑州|高新区|9|115.63|27|0|0|1|0|0|1|0|0|1|0|194.0
郑州|高新区|0|33.64|23|0|1|0|0|0|1|0|0|0|1|43.0
郑州|高新区|4|37.41|9|1|0|0|0|0|1|0|0|0|1|55.0
郑州|高新区|13|37.41|4|0|0|1|0|0|0|1|0|0|1|
郑州|高新区|5|82.46|27|0|0|1|0|0|1|0|0|0|1|108.0
郑州|高新区|4|77.21|34|0|0|1|0|0|1|0|0|0|1|105.0
郑州|高新区|7|124.74|7|0|0|1|0|0|1|0|0|0|1|160.0
郑州|高新区|4|124.74|33|0|0|1|0|0|1|0|0|1|0|118.0
郑州|高新区|7|130.25|7|0|0|1|0|0|1|0|0|0|1|200.0
郑州|高新区|5|87.84|24|0|0|1|0|0|1|0|0|0|1|138.0
郑州|高新区|5|83.65|33|0|0|1|0|0|1|0|0|0|1|1168.0
郑州|高新区|7|90.48|34|0|0|1|0|0|0|1|0|1|0|128.0
郑州|高新区|7|123.85|34|0|0|1|0|0|1|0|0|0|1|218.0
郑州|高新区|4|82.76|15|0|1|0|0|0|1|0|0|1|0|57.0
郑州|高新区|7|90.39|33|0|0|1|0|0|1|0|0|1|0|130.0
郑州|高新区|4|79.15|26|0|0|1|0|0|0|1|0|0|1|115.0
郑州|高新区|6|118.11|6|0|0|1|0|0|0|1|0|0|1|129.0
郑州|高新区|5|89.63|33|0|0|1|0|0|0|1|0|0|1|129.0
郑州|高新区|7|89.63|34|0|0|1|0|0|0|1|0|1|0|120.0
郑州|高新区|4|88.05|11|0|0|1|0|0|1|0|0|0|1|109.0
郑州|高新区|6|104.23|18|0|0|1|0|0|1|0|1|0|0|1175.0
郑州|高新区|7|121.68|34|0|0|1|0|0|1|0|0|0|1|208.0
郑州|高新区|5|91.17|28|0|0|1|0|0|0|1|0|1|0|125.0
郑州|高新区|6|90.38|26|0|0|1|0|0|1|0|0|0|1|120.0
郑州|高新区|5|87.47|34|0|0|1|0|0|0|1|0|1|0|109.0
郑州|高新区|4|66.02|32|0|0|1|0|0|0|1|0|1|0|93.0
郑州|高新区|5|80.77|27|0|0|1|0|0|1|0|0|0|1|125.0
郑州|高新区|7|108.22|28|0|0|1|0|0|1|0|0|0|1|118.0
郑州|高新区|1|57.81|23|0|0|1|0|0|1|0|1|0|0|72.0
郑州|高新区|4|66.02|32|0|0|1|0|0|0|1|0|1|0|93.0
郑州|高新区|1|63.36|23|0|0|1|0|0|1|0|0|0|1|85.0
郑州|高新区|7|108.22|28|0|0|1|0|0|1|0|0|0|1|118.0
郑州|高新区|4|38.74|20|0|1|0|0|0|0|1|0|1|0|61.0
郑州|高新区|7|88.16|34|0|0|1|0|0|0|1|0|0|1|125.0
郑州|高新区|7|86.85|34|0|0|1|0|1|0|0|0|0|1|120.0
郑州|高新区|6|89.72|34|0|0|1|0|0|0|1|0|0|1|160.0
郑州|高新区|9|114.05|8|0|0|1|0|1|0|0|0|0|1|308.0
郑州|高新区|7|140.49|33|0|0|1|0|0|1|0|0|1|0|188.0
郑州|高新区|7|142.37|33|0|0|1|0|0|1|0|0|1|0|185.0
郑州|高新区|9|148.15|15|0|0|1|0|0|0|1|0|0|1|200.0
郑州|高新区|4|48.53|20|0|0|1|0|0|1|0|0|1|0|83.0
郑州|高新区|9|148.98|5|0|0|1|0|0|0|1|0|0|1|325.0
郑州|高新区|7|121.51|7|0|0|1|0|0|1|0|0|0|1|210.0
郑州|高新区|7|86.77|17|0|0|1|0|0|0|1|0|0|1|130.0
郑州|高新区|6|89.31|34|0|0|1|0|0|0|1|0|1|0|168.0
郑州|高新区|7|89.31|33|0|0|1|0|0|1|0|0|0|1|150.0
郑州|高新区|7|88.54|34|0|0|1|0|0|1|0|0|0|1|120.0
郑州|高新区|7|99.44|34|0|0|1|0|0|0|1|0|1|0|133.0
郑州|高新区|7|133.67|33|0|0|1|0|1|0|0|0|1|0|170.0
郑州|高新区|7|94.76|15|0|0|1|0|0|0|1|0|0|1|143.0
郑州|高新区|5|89.47|6|0|0|1|0|0|1|0|0|0|1|106.0
郑州|高新区|10|150.27|6|0|0|1|0|0|1|0|0|0|1|150.0
郑州|高新区|6|150.27|34|0|0|1|0|0|1|0|0|0|1|127.0
郑州|高新区|1|55.92|17|0|0|1|0|0|0|1|0|0|1|78.0
郑州|高新区|7|89.14|34|0|0|1|0|0|1|0|0|1|0|118.0
郑州|高新区|7|129.67|7|0|0|1|0|1|0|0|0|0|1|268.0
郑州|高新区|6|129.67|7|0|0|1|0|0|0|1|0|0|1|207.0
郑州|高新区|9|143.83|7|0|0|1|0|1|0|0|0|0|1|390.0
郑州|高新区|5|112.16|11|0|0|1|0|0|1|0|0|1|0|145.0
郑州|高新区|5|112.16|11|0|0|1|0|0|1|0|0|1|0|145.0
郑州|高新区|9|166.88|6|0|0|1|0|0|1|0|0|0|1|140.0
郑州|高新区|7|121.95|7|0|0|1|0|0|0|1|0|0|1|206.0
郑州|高新区|9|139.92|7|0|0|1|0|1|0|0|0|0|1|290.0
郑州|高新区|14|139.92|14|0|0|1|0|1|0|0|0|0|1|285.0
郑州|高新区|7|90.09|18|0|0|1|0|1|0|0|0|1|0|120.0
郑州|高新区|6|142.78|32|0|0|1|0|0|1|0|0|1|0|198.0
郑州|高新区|5|74.24|7|0|0|1|0|0|1|0|0|0|1|55.0
郑州|高新区|7|140.35|10|0|0|1|0|0|1|0|0|0|1|196.0
郑州|高新区|6|88.88|15|0|0|1|0|0|0|1|0|1|0|115.0
郑州|高新区|7|118.07|30|0|0|1|0|0|1|0|0|0|1|155.0
郑州|高新区|5|104.58|18|0|0|1|0|0|1|0|0|0|1|110.0
郑州|高新区|9|154.57|33|0|0|1|0|1|0|0|0|1|0|275.0
郑州|高新区|6|154.57|33|0|0|1|0|1|0|0|0|1|0|180.0
郑州|高新区|7|109.95|34|0|0|1|0|0|1|0|0|1|0|161.0
郑州|高新区|6|89.85|34|0|0|1|0|0|0|1|0|0|1|132.0
郑州|高新区|7|82.38|11|0|0|1|0|0|1|0|0|0|1|123.0
郑州|高新区|5|87.39|33|0|0|1|0|0|1|0|0|1|0|113.0
郑州|高新区|7|126.13|33|0|0|1|0|0|1|0|0|0|1|278.0
郑州|高新区|7|88.89|34|0|0|1|0|1|0|0|0|0|1|118.0
郑州|高新区|7|88.13|34|0|0|1|0|0|1|0|0|0|1|120.0
郑州|高新区|6|117.67|33|0|0|1|0|0|0|1|0|0|1|228.0
郑州|高新区|7|148.15|15|0|0|1|0|0|0|1|0|0|1|195.0
郑州|高新区|7|121.03|6|0|0|1|0|0|0|1|1|0|0|199.0
郑州|高新区|7|88.71|34|0|0|1|0|0|1|0|1|0|0|166.0
郑州|高新区|7|139.07|7|0|0|1|0|1|0|0|0|0|1|390.0
郑州|高新区|5|92.91|6|0|0|1|0|0|0|1|0|0|1|95.0
郑州|高新区|7|92.91|34|0|0|1|0|0|1|0|0|0|1|120.0
郑州|高新区|7|92.91|6|0|0|1|0|0|0|1|0|0|1|210.0
郑州|高新区|7|89.22|34|0|0|1|0|0|0|1|0|0|1|123.0
郑州|高新区|7|88.13|34|0|0|1|0|0|1|0|0|0|1|136.0
郑州|高新区|6|131.41|34|0|0|1|0|0|0|1|0|1|0|138.0
郑州|高新区|7|108.64|6|0|0|1|0|1|0|0|0|0|1|125.0
郑州|高新区|7|108.64|6|0|0|1|0|0|0|1|0|0|1|200.0
郑州|高新区|5|112.16|11|0|0|1|0|0|0|1|0|1|0|141.0
郑州|高新区|7|130.41|34|0|0|1|0|0|0|1|0|1|0|145.0
郑州|高新区|7|130.41|26|0|0|1|0|0|0|1|0|0|1|112.0
郑州|高新区|9|137.67|33|0|0|1|0|0|0|1|0|0|1|285.0
郑州|高新区|7|121.03|6|0|0|1|0|0|0|1|1|0|0|210.0
郑州|高新区|7|109.79|18|0|0|0|1|0|0|1|0|0|1|135.0
郑州|高新区|7|89.54|34|0|0|1|0|0|1|0|0|1|0|130.0
郑州|高新区|7|90.22|26|0|0|1|0|0|0|1|0|0|1|140.0
郑州|高新区|7|119.62|14|0|0|1|0|0|1|0|0|0|1|159.0
郑州|高新区|9|142.15|34|0|0|1|0|1|0|0|0|1|0|151.0
郑州|高新区|7|142.15|34|0|0|1|0|0|0|1|0|1|0|125.0
郑州|高新区|7|111.96|26|0|0|1|0|0|0|1|1|0|0|170.0
郑州|高新区|6|46.72|20|0|1|0|0|0|1|0|0|1|0|90.0
郑州|高新区|7|111.66|18|0|0|1|0|0|0|1|1|0|0|117.0
郑州|高新区|7|108.86|28|1|0|0|0|0|1|0|0|0|1|116.0
郑州|高新区|7|141.39|34|0|0|1|0|1|0|0|0|0|1|183.0
郑州|高新区|4|43.42|20|0|0|1|0|0|1|0|0|1|0|71.0
郑州|高新区|9|117.75|34|0|0|0|1|1|0|0|0|0|1|165.0
郑州|高新区|9|76.51|11|0|0|1|0|0|0|1|0|0|1|1295.0
郑州|高新区|7|91.97|18|0|0|1|0|0|1|0|0|1|0|113.0
郑州|高新区|7|89.95|34|0|0|1|0|0|1|0|0|0|1|129.0
郑州|高新区|9|186.58|29|0|0|1|0|1|0|0|0|0|1|278.0
郑州|高新区|6|110.81|17|0|0|1|0|0|1|0|1|0|0|138.0
郑州|高新区|9|75.42|11|0|0|1|0|0|0|1|0|0|1|106.0
郑州|高新区|7|150.08|11|0|0|1|0|0|1|0|0|1|0|202.0
郑州|高新区|7|119.37|26|0|0|1|0|0|1|0|0|0|1|172.0
郑州|高新区|7|109.79|18|0|0|0|1|0|0|1|0|0|1|135.0
郑州|高新区|7|89.54|34|0|0|1|0|0|1|0|0|1|0|130.0
郑州|高新区|7|56.44|20|0|0|1|0|0|0|1|0|1|0|108.0
郑州|高新区|9|142.15|34|0|0|1|0|1|0|0|0|1|0|151.0
郑州|高新区|7|119.62|14|0|0|1|0|0|1|0|0|0|1|159.0
郑州|高新区|7|90.22|26|0|0|1|0|0|0|1|0|0|1|140.0
郑州|高新区|7|124.17|34|0|0|1|0|1|0|0|0|0|1|175.0
郑州|高新区|7|86.23|34|0|0|1|0|1|0|0|0|0|1|119.0
郑州|高新区|7|119.37|26|0|0|1|0|0|0|1|0|0|1|179.0
郑州|高新区|6|85.71|33|0|0|1|0|0|1|0|0|0|1|99.0
郑州|高新区|6|103.55|33|0|0|1|0|0|1|0|0|1|0|125.0
郑州|高新区|7|103.55|26|0|0|1|0|0|0|1|0|0|1|180.0
郑州|高新区|7|84.64|33|0|0|1|0|0|0|1|0|1|0|130.0
郑州|高新区|7|88.52|34|0|0|1|0|1|0|0|0|0|1|110.0
郑州|高新区|9|136.91|34|0|0|1|0|0|1|0|0|0|1|183.0
郑州|高新区|7|111.96|26|0|0|1|0|0|0|1|1|0|0|170.0
郑州|高新区|7|111.96|34|0|0|1|0|0|0|1|0|1|0|125.0
郑州|高新区|7|114.96|33|0|0|1|0|0|0|1|0|0|1|150.0
郑州|高新区|8|122.63|7|0|0|1|0|0|1|0|0|0|1|148.0
郑州|高新区|0|33.64|23|0|1|0|0|0|1|0|0|0|1|45.0
郑州|高新区|7|33.64|6|0|0|1|0|0|1|0|0|0|1|210.0
郑州|高新区|7|89.24|34|0|0|1|0|1|0|0|0|0|1|170.0
郑州|高新区|5|91.94|18|0|0|1|0|0|1|0|0|1|0|110.0
郑州|高新区|7|105.71|31|0|0|1|0|1|0|0|0|0|1|167.0
郑州|高新区|4|74.31|27|0|0|1|0|0|0|1|0|1|0|628.0
郑州|高新区|5|68.34|33|0|0|1|0|0|1|0|0|1|0|90.0
郑州|高新区|9|128.19|34|0|0|1|0|1|0|0|0|0|1|150.0
郑州|高新区|5|87.71|18|0|0|1|0|0|1|0|0|0|1|118.0
郑州|高新区|5|88.91|6|0|0|1|0|0|1|0|0|0|1|105.0
郑州|高新区|4|48.56|20|0|0|0|1|0|0|1|0|0|1|54.0
郑州|高新区|7|111.18|18|0|0|1|0|0|1|0|0|0|1|140.0
郑州|高新区|7|111.18|27|0|0|1|0|0|0|1|0|0|1|121.0
郑州|高新区|4|87.46|34|0|0|1|0|0|0|1|0|1|0|1091.0
郑州|高新区|7|87.36|34|0|0|1|0|0|1|0|0|1|0|115.0
郑州|高新区|5|76.23|34|0|0|1|0|0|0|1|0|0|1|1045.0
郑州|高新区|4|63.64|30|0|1|0|0|0|1|0|0|1|0|56.0
郑州|高新区|7|81.69|34|0|0|1|0|1|0|0|0|1|0|110.0
郑州|高新区|5|84.02|6|0|0|1|0|0|1|0|0|0|1|90.0
郑州|高新区|7|87.73|34|0|0|1|0|0|1|0|0|1|0|123.0
郑州|高新区|7|87.73|33|0|0|1|0|1|0|0|0|1|0|133.0
郑州|高新区|5|80.66|33|0|0|1|0|1|0|0|0|0|1|108.0
郑州|高新区|4|80.66|24|0|1|0|0|0|1|0|0|1|0|885.0
郑州|高新区|7|80.66|2|0|0|1|0|0|1|0|0|0|1|125.0
郑州|高新区|4|86.21|34|0|0|1|0|0|0|1|0|1|0|108.0
郑州|高新区|7|86.21|6|0|0|1|0|0|1|0|0|0|1|150.0
郑州|高新区|6|86.69|18|0|0|1|0|0|1|0|0|0|1|117.0
郑州|高新区|6|115.35|26|0|1|0|0|0|0|1|1|0|0|160.0
郑州|高新区|7|115.35|33|0|0|1|0|1|0|0|0|1|0|1395.0
郑州|高新区|7|88.25|33|0|0|1|0|1|0|0|0|1|0|110.0
郑州|高新区|1|55.33|30|0|0|1|0|1|0|0|0|0|1|85.0
郑州|高新区|5|87.46|34|0|0|1|0|0|0|1|0|1|0|110.0
郑州|高新区|7|88.68|26|0|0|1|0|0|0|1|0|0|1|135.0
郑州|高新区|4|57.04|6|0|0|1|0|0|1|0|0|0|1|51.0
郑州|高新区|7|118.03|6|0|0|1|0|0|1|0|0|0|1|121.0
郑州|高新区|6|89.13|6|0|0|1|0|0|1|0|0|0|1|97.0
郑州|高新区|7|87.65|33|0|0|1|0|0|1|0|0|1|0|1608.0
郑州|高新区|7|87.41|33|0|0|1|0|0|0|1|0|0|1|123.0
郑州|高新区|4|86.21|34|0|0|1|0|0|0|1|0|1|0|1055.0
郑州|高新区|7|129.91|18|0|0|1|0|0|0|1|0|1|0|166.0
郑州|高新区|4|80.74|33|0|0|1|0|1|0|0|0|0|1|105.0
郑州|高新区|7|93.74|6|0|0|1|0|0|0|1|0|0|1|122.0
郑州|高新区|7|93.74|6|0|0|1|0|0|1|0|0|0|1|154.0
郑州|高新区|4|62.42|11|0|0|1|0|0|0|1|0|0|1|89.0
郑州|高新区|7|108.22|28|0|0|1|0|0|0|1|0|0|1|1237.0
郑州|高新区|7|129.18|7|0|0|1|0|0|1|0|0|0|1|154.0
郑州|高新区|5|83.65|33|0|0|1|0|1|0|0|0|0|1|110.0
郑州|高新区|7|96.45|6|0|0|1|0|0|1|0|0|0|1|91.0
郑州|高新区|7|100.01|25|0|0|1|0|0|0|1|0|0|1|155.0
郑州|高新区|7|96.08|6|0|0|1|0|0|1|0|0|0|1|118.0
郑州|高新区|4|93.14|15|0|0|1|0|0|1|0|1|0|0|70.0
郑州|高新区|4|80.74|33|0|0|1|0|1|0|0|0|0|1|105.0
郑州|高新区|7|108.45|34|0|0|1|0|1|0|0|0|1|0|133.0
郑州|高新区|7|108.45|34|0|0|1|0|0|0|1|0|0|1|225.0
郑州|高新区|6|85.71|33|0|0|1|0|0|1|0|0|0|1|106.0
郑州|高新区|1|42.89|44|0|0|1|0|0|1|0|1|0|0|43.0
郑州|高新区|7|86.82|34|0|0|1|0|0|0|1|0|0|1|125.0
郑州|高新区|7|86.82|33|0|0|1|0|0|0|1|1|0|0|1205.0
郑州|高新区|7|86.82|34|0|0|1|0|1|0|0|0|1|0|152.0
郑州|高新区|4|89.83|28|0|0|1|0|0|0|1|0|0|1|125.0
郑州|高新区|0|89.83|23|0|1|0|0|0|1|0|0|0|1|45.0
郑州|高新区|1|63.36|23|0|0|1|0|0|1|0|0|0|1|80.0
郑州|高新区|5|66.34|23|0|0|1|0|0|1|0|0|0|1|805.0
郑州|高新区|0|33.64|23|0|1|0|0|0|1|0|0|0|1|46.0
郑州|高新区|4|37.65|9|0|0|0|1|0|1|0|0|0|1|56.0
郑州|高新区|7|89.26|33|0|0|1|0|0|0|1|0|1|0|180.0
郑州|高新区|5|77.89|34|0|0|1|0|0|0|1|0|1|0|113.0
郑州|高新区|5|101.64|7|0|0|1|0|0|1|0|0|0|1|160.0
郑州|高新区|7|133.15|33|0|0|1|0|0|0|1|0|1|0|185.0
郑州|高新区|9|135.67|27|0|0|0|1|0|0|1|0|0|1|1749.0
郑州|高新区|9|79.83|19|0|0|1|0|0|0|1|1|0|0|130.0
郑州|高新区|5|74.69|7|0|0|1|0|0|1|0|0|0|1|63.0
郑州|高新区|6|85.31|33|0|0|1|0|0|1|0|0|0|1|106.0
郑州|高新区|7|113.25|33|0|0|1|0|0|1|0|0|0|1|131.0
郑州|高新区|9|135.45|27|0|0|1|0|0|1|0|0|0|1|182.0
郑州|高新区|7|126.58|34|0|0|1|0|0|1|0|0|1|0|157.0
郑州|高新区|6|91.02|34|0|0|1|0|0|0|1|0|0|1|118.0
郑州|高新区|9|138.85|34|0|0|1|0|0|0|1|0|1|0|175.0
郑州|高新区|7|138.85|34|0|0|1|0|0|1|0|0|1|0|180.0
郑州|高新区|6|72.71|5|0|0|1|0|0|1|0|0|0|1|599.0
郑州|高新区|9|142.65|8|0|0|1|0|0|0|1|0|0|1|235.0
郑州|高新区|9|77.18|20|0|0|1|0|0|1|0|0|1|0|112.0
郑州|高新区|5|74.35|7|0|0|1|0|0|1|0|0|0|1|62.0
郑州|高新区|7|74.35|32|0|0|1|0|0|1|0|0|1|0|132.0
郑州|高新区|7|89.28|34|0|0|1|0|0|1|0|0|0|1|116.0
郑州|高新区|6|89.28|34|0|0|1|0|0|1|0|0|0|1|145.0
郑州|高新区|12|196.41|6|0|0|1|0|0|1|0|0|0|1|225.0
郑州|高新区|7|87.36|34|0|0|1|0|0|0|1|0|1|0|1248.0
郑州|高新区|6|87.75|27|0|0|1|0|0|1|0|0|0|1|115.0
郑州|高新区|7|47.85|13|0|0|1|0|0|0|1|0|0|1|485.0
郑州|高新区|7|110.01|34|0|0|1|0|0|0|1|0|0|1|148.0
郑州|高新区|7|81.59|34|0|0|1|0|0|0|1|0|1|0|120.0
郑州|高新区|9|131.57|15|0|0|1|0|0|0|1|0|0|1|175.0
郑州|高新区|7|139.95|34|1|0|0|0|0|0|1|0|0|1|225.0
郑州|高新区|9|151.98|8|0|0|1|0|0|1|0|0|1|0|120.0
郑州|高新区|6|89.49|30|1|0|0|0|0|0|1|0|1|0|86.0
郑州|高新区|5|109.15|17|1|0|0|0|0|0|1|0|0|1|113.0
郑州|高新区|6|109.15|34|0|0|1|0|0|0|1|0|1|0|160.0
郑州|高新区|7|109.15|28|0|0|1|0|0|1|0|0|0|1|156.0
郑州|高新区|7|119.26|14|0|0|1|0|0|1|0|0|0|1|160.0
郑州|高新区|7|90.82|34|0|0|1|0|0|1|0|0|0|1|112.0
郑州|高新区|7|90.82|34|0|0|1|0|0|1|0|0|0|1|112.0
郑州|高新区|7|89.37|30|0|0|1|0|0|1|0|0|1|0|88.0
郑州|高新区|7|115.35|26|0|0|1|0|0|0|1|1|0|0|170.0
郑州|高新区|7|121.89|34|0|0|1|0|0|1|0|0|0|1|195.0
郑州|高新区|6|133.06|18|0|0|1|0|0|1|0|0|1|0|165.0
郑州|高新区|7|89.51|18|0|0|1|0|0|0|1|0|1|0|116.0
郑州|高新区|4|59.87|34|0|0|1|0|0|0|1|0|0|1|72.0
郑州|高新区|5|84.24|15|0|0|1|0|0|0|1|0|0|1|105.0
郑州|高新区|6|88.28|34|0|0|1|0|0|0|1|1|0|0|135.0
郑州|高新区|4|88.28|18|0|0|1|0|0|1|0|0|0|1|110.0
郑州|高新区|5|87.83|18|0|0|1|0|0|1|0|0|0|1|132.0
郑州|高新区|4|60.43|5|0|0|1|0|0|1|0|0|0|1|54.0
郑州|高新区|6|131.17|18|0|0|1|0|0|1|0|0|0|1|175.0
郑州|高新区|5|90.29|32|0|0|1|0|0|1|0|0|1|0|150.0
郑州|高新区|6|41.84|20|0|0|1|0|0|1|0|0|1|0|80.0
郑州|高新区|7|143.55|33|0|0|1|0|0|1|0|0|1|0|200.0
郑州|高新区|4|91.14|11|0|0|1|0|0|1|0|0|0|1|106.0
郑州|高新区|4|77.39|34|0|0|1|0|0|1|0|0|0|1|115.0
郑州|高新区|4|83.61|34|0|0|1|0|0|1|0|0|0|1|143.0
郑州|高新区|5|82.77|11|0|0|1|0|0|1|0|0|0|1|110.0
郑州|高新区|4|90.28|32|0|0|1|0|0|1|0|0|1|0|130.0
郑州|高新区|7|84.14|33|0|0|1|0|0|0|1|0|0|1|118.0
郑州|高新区|7|86.28|34|0|0|1|0|0|0|1|0|0|1|140.0
郑州|高新区|6|57.89|6|0|0|1|0|0|0|1|0|0|1|72.0
郑州|高新区|4|57.89|7|0|0|1|0|0|1|0|0|0|1|80.0
郑州|高新区|7|109.06|34|0|0|1|0|0|1|0|0|1|0|165.0
郑州|高新区|4|68.34|33|0|1|0|0|0|1|0|0|1|0|84.0
郑州|高新区|7|89.19|34|0|0|1|0|0|0|1|0|1|0|1305.0
郑州|高新区|1|53.05|33|0|0|1|0|0|1|0|0|1|0|73.0
郑州|高新区|7|119.81|18|0|0|1|0|0|0|1|0|1|0|143.0
郑州|高新区|4|85.14|26|0|0|1|0|0|1|0|0|0|1|119.0
郑州|高新区|4|73.82|6|0|0|1|0|0|1|0|0|0|1|79.0
郑州|高新区|1|73.82|33|0|1|0|0|0|1|0|0|1|0|70.0
郑州|高新区|4|41.35|20|0|0|1|0|0|0|1|0|1|0|59.0
郑州|高新区|5|73.07|6|0|0|1|0|0|1|0|0|0|1|120.0
郑州|高新区|4|101.77|18|0|0|1|0|0|1|0|0|0|1|109.0
郑州|高新区|5|77.79|34|0|0|0|1|0|0|1|0|0|1|97.0
郑州|高新区|5|77.39|34|0|0|1|0|0|0|1|0|0|1|102.0
郑州|高新区|7|108.99|26|0|0|1|0|0|0|1|1|0|0|135.0
郑州|高新区|4|108.99|34|0|0|1|0|0|1|0|0|0|1|107.0
郑州|高新区|5|89.83|18|0|0|1|0|0|1|0|1|0|0|123.0
郑州|高新区|5|86.96|33|0|0|1|0|0|1|0|0|1|0|116.0
郑州|高新区|5|91.74|34|0|0|1|0|0|1|0|0|1|0|120.0
郑州|高新区|7|83.97|11|0|0|1|0|0|1|0|0|0|1|100.0
郑州|高新区|7|91.52|24|0|0|1|0|0|1|0|0|0|1|120.0
郑州|高新区|9|142.01|26|0|0|1|0|0|1|0|0|0|1|200.0
郑州|高新区|7|88.77|34|0|0|1|0|0|0|1|0|0|1|120.0
郑州|高新区|5|73.43|18|0|0|1|0|0|1|0|0|0|1|115.0
郑州|高新区|4|87.47|6|0|0|1|0|0|1|0|0|0|1|139.0
郑州|高新区|4|88.92|6|0|0|1|0|0|0|1|0|0|1|114.0
郑州|高新区|6|88.92|34|0|0|1|0|0|1|0|0|0|1|132.0
郑州|高新区|5|88.92|28|0|0|1|0|0|0|1|1|0|0|52.0
郑州|高新区|7|88.92|18|0|0|1|0|0|1|0|1|0|0|143.0
郑州|高新区|1|60.51|23|0|0|1|0|0|0|1|1|0|0|80.0
郑州|高新区|7|89.28|18|0|0|1|0|1|0|0|0|0|1|132.0
郑州|高新区|5|89.28|16|0|0|1|0|0|0|1|0|1|0|126.0
郑州|高新区|5|89.28|33|0|0|1|0|1|0|0|0|0|1|1035.0
郑州|高新区|4|89.28|18|0|0|1|0|0|0|1|0|1|0|1387.0
郑州|高新区|5|89.94|28|0|0|1|0|0|1|0|0|0|1|118.0
郑州|高新区|4|87.82|6|0|0|1|0|0|1|0|0|0|1|105.0
郑州|高新区|4|87.82|6|0|0|1|0|0|1|0|0|0|1|105.0
郑州|高新区|7|98.32|11|0|0|1|0|0|0|1|0|1|0|147.0
郑州|高新区|7|88.85|34|0|0|1|0|0|0|1|0|0|1|120.0
郑州|高新区|5|97.93|11|0|0|1|0|1|0|0|0|0|1|125.0
郑州|高新区|7|110.31|17|0|0|1|0|0|1|0|1|0|0|137.0
郑州|高新区|1|55.13|33|0|1|0|0|0|1|0|0|1|0|73.0
郑州|高新区|1|67.14|23|1|0|0|0|0|1|0|1|0|0|82.0
郑州|高新区|4|67.14|20|0|0|1|0|0|1|0|0|1|0|66.0
郑州|高新区|5|101.37|17|0|0|1|0|0|0|1|1|0|0|110.0
郑州|高新区|4|87.17|6|0|0|1|0|0|1|0|0|0|1|97.0
郑州|高新区|4|74.97|23|0|0|1|0|0|1|0|0|0|1|97.0
郑州|高新区|7|107.08|6|0|0|1|0|0|1|0|0|0|1|130.0
郑州|高新区|5|77.66|34|0|0|1|0|0|0|1|1|0|0|97.0
郑州|高新区|4|93.26|16|0|0|1|0|0|1|0|0|1|0|1067.0
郑州|高新区|7|88.07|33|0|0|1|0|0|0|1|0|1|0|118.0
郑州|高新区|8|143.27|11|0|0|1|0|0|1|0|0|0|1|168.0
郑州|高新区|5|88.95|34|0|0|1|0|0|1|0|0|1|0|125.0
郑州|高新区|7|115.51|26|0|0|1|0|0|0|1|1|0|0|180.0
郑州|高新区|1|57.25|23|0|0|1|0|0|0|1|1|0|0|85.0
郑州|高新区|1|58.23|23|0|0|1|0|0|1|0|1|0|0|65.0
郑州|高新区|7|87.22|33|0|0|1|0|0|0|1|0|0|1|130.0
郑州|高新区|4|40.25|20|0|0|1|0|0|1|0|0|1|0|60.0
郑州|高新区|5|93.75|6|0|0|1|0|1|0|0|0|0|1|108.0
郑州|高新区|7|89.96|34|0|0|1|0|0|0|1|0|0|1|130.0
郑州|高新区|6|89.76|34|0|0|1|0|0|1|0|0|0|1|192.0
郑州|高新区|5|89.76|18|0|0|1|0|0|1|0|0|0|1|102.0
郑州|高新区|5|89.76|7|0|0|1|0|0|1|0|0|0|1|156.0
郑州|高新区|5|89.94|28|0|0|1|0|0|1|0|0|0|1|130.0
郑州|高新区|4|77.21|34|0|0|1|0|0|1|0|0|0|1|102.0
郑州|高新区|5|88.53|18|0|0|1|0|0|0|1|0|0|1|119.0
郑州|高新区|5|85.08|27|0|0|1|0|0|1|0|0|0|1|107.0
郑州|高新区|6|84.53|15|0|1|0|0|0|1|0|0|0|1|103.0
郑州|高新区|1|53.63|11|0|0|1|0|0|0|1|0|1|0|90.0
郑州|高新区|5|88.86|6|0|0|1|0|0|1|0|0|0|1|120.0
郑州|高新区|5|88.53|18|0|0|1|0|0|0|1|0|0|1|119.0
郑州|高新区|4|59.87|34|0|0|1|0|0|0|1|0|0|1|72.0
郑州|高新区|8|167.09|7|0|0|1|0|0|1|0|0|0|1|219.0
郑州|高新区|4|49.86|20|0|0|1|0|0|0|1|0|1|0|75.0
郑州|高新区|6|85.71|33|0|0|1|0|0|0|1|0|0|1|96.0
郑州|高新区|9|142.46|34|0|0|1|0|0|0|1|0|0|1|252.0
郑州|高新区|7|86.42|33|0|0|1|0|0|1|0|0|1|0|180.0
郑州|高新区|6|99.69|18|0|0|1|0|0|0|1|0|0|1|138.0
郑州|高新区|7|88.64|34|0|0|1|0|0|1|0|0|0|1|160.0
郑州|高新区|7|91.68|24|0|0|1|0|1|0|0|0|0|1|115.0
郑州|高新区|5|93.26|16|0|0|1|0|1|0|0|0|1|0|105.0
郑州|高新区|4|79.32|34|0|0|1|0|0|1|0|0|0|1|105.0
郑州|高新区|5|86.36|18|0|0|1|0|0|1|0|0|0|1|97.0
郑州|高新区|6|131.41|34|0|0|1|0|1|0|0|0|1|0|140.0
郑州|高新区|4|97.33|16|0|0|1|0|0|0|1|0|1|0|115.0
郑州|高新区|9|97.33|7|0|0|1|0|1|0|0|0|0|1|500.0
郑州|高新区|7|83.67|33|0|0|1|0|0|1|0|0|0|1|117.0
郑州|高新区|7|100.91|11|0|0|1|0|0|1|0|0|1|0|130.0
郑州|高新区|3|76.54|34|0|0|1|0|0|0|1|0|1|0|102.0
郑州|高新区|5|87.71|18|0|0|1|0|0|1|0|0|0|1|110.0
郑州|高新区|6|87.71|11|0|0|1|0|0|0|1|0|1|0|140.0
郑州|高新区|7|131.61|11|0|0|1|0|0|0|1|0|0|1|156.0
郑州|高新区|4|76.24|6|0|0|1|0|0|0|1|0|0|1|115.0
郑州|高新区|4|104.58|18|0|0|1|0|0|1|0|0|0|1|105.0
郑州|高新区|5|91.17|28|0|0|1|0|0|0|1|0|1|0|121.0
郑州|高新区|7|91.17|34|0|0|1|0|0|0|1|0|1|0|126.0
郑州|高新区|4|57.96|6|0|0|1|0|0|1|0|0|0|1|60.0
郑州|高新区|5|92.57|27|0|0|1|0|0|0|1|0|1|0|110.0
郑州|高新区|7|131.35|18|0|0|1|0|0|0|1|0|0|1|163.0
郑州|高新区|7|86.82|34|0|0|1|0|0|1|0|0|0|1|119.0
郑州|高新区|4|77.26|34|0|0|1|0|0|0|1|0|0|1|102.0
郑州|高新区|4|76.24|6|0|0|1|0|0|0|1|0|0|1|115.0
郑州|高新区|4|104.58|18|0|0|1|0|0|1|0|0|0|1|105.0
郑州|高新区|4|76.75|18|0|0|1|0|0|1|0|0|0|1|108.0
郑州|高新区|5|89.63|33|0|0|1|0|0|0|1|0|0|1|132.0
郑州|高新区|7|89.39|29|0|0|1|0|0|0|1|1|0|0|132.0
郑州|高新区|7|139.95|6|0|0|1|0|0|1|0|0|0|1|140.0
郑州|高新区|5|90.28|32|0|0|1|0|0|0|1|0|1|0|118.0
郑州|高新区|4|77.78|34|1|0|0|0|0|0|1|0|0|1|97.0
郑州|高新区|5|81.56|11|0|0|1|0|0|1|0|0|0|1|100.0
郑州|高新区|1|58.68|6|0|0|1|0|0|1|0|0|0|1|70.0
郑州|高新区|6|129.87|6|0|0|1|0|0|0|1|0|0|1|1495.0
郑州|高新区|4|129.87|32|0|0|1|0|0|0|1|0|1|0|91.0
郑州|高新区|4|129.87|34|0|0|1|0|0|1|0|0|0|1|105.0
郑州|高新区|7|88.63|34|0|0|1|0|0|1|0|0|0|1|126.0
郑州|高新区|8|88.63|18|0|0|1|0|0|1|0|1|0|0|66.0
郑州|高新区|6|86.54|25|0|0|1|0|0|1|0|0|0|1|117.0
郑州|高新区|4|57.04|6|0|0|1|0|0|1|0|0|0|1|52.0
郑州|高新区|6|99.69|18|0|0|1|0|0|0|1|0|0|1|133.0
郑州|高新区|5|99.69|33|0|0|1|0|0|0|1|0|1|0|1135.0
郑州|高新区|4|99.69|7|0|0|1|0|0|1|0|0|0|1|91.0
郑州|高新区|7|131.08|18|0|0|1|0|0|1|0|0|0|1|153.0
郑州|高新区|4|59.87|34|0|0|1|0|0|0|1|0|0|1|697.0
郑州|高新区|4|71.84|18|0|0|0|1|0|1|0|0|0|1|101.0
郑州|高新区|4|87.71|11|0|0|1|0|0|0|1|0|0|1|128.0
郑州|高新区|9|87.71|14|0|0|1|0|0|1|0|0|0|1|168.0
郑州|高新区|4|89.59|15|0|0|1|0|0|0|1|0|0|1|106.0
郑州|高新区|4|78.71|16|0|0|1|0|0|0|1|0|0|1|97.0
郑州|高新区|5|82.34|27|0|0|1|0|0|0|1|0|0|1|118.0
郑州|高新区|0|42.27|9|1|0|0|0|0|1|0|0|0|1|46.0
郑州|高新区|9|117.75|34|0|0|0|1|1|0|0|0|0|1|165.0
郑州|高新区|7|117.75|6|0|0|1|0|0|1|0|0|1|0|223.0
郑州|高新区|4|78.77|18|0|0|1|0|0|1|0|0|1|0|103.0
郑州|高新区|9|78.77|14|0|0|1|0|0|1|0|0|0|1|168.0
郑州|高新区|5|103.81|17|0|0|1|0|0|1|0|0|0|1|975.0
郑州|高新区|4|48.32|20|0|0|1|0|0|1|0|0|1|0|76.0
郑州|高新区|5|94.69|6|0|0|1|0|0|1|0|0|0|1|100.0
郑州|高新区|4|60.28|15|0|1|0|0|0|1|0|0|0|1|76.0
郑州|高新区|5|104.57|18|0|0|1|0|0|1|0|1|0|0|102.0
郑州|高新区|4|71.84|18|0|0|0|1|0|1|0|0|0|1|101.0
郑州|高新区|0|42.25|11|0|0|1|0|0|1|0|0|1|0|51.0
郑州|高新区|8|75.19|20|0|0|1|0|0|1|0|0|1|0|130.0
郑州|高新区|6|99.69|18|0|0|1|0|0|1|0|0|0|1|133.0
郑州|高新区|9|114.12|34|0|0|1|0|1|0|0|1|0|0|213.0
郑州|高新区|7|114.12|6|0|0|1|0|1|0|0|0|0|1|221.0
郑州|高新区|5|85.94|6|0|0|1|0|0|0|1|0|0|1|98.0
郑州|高新区|6|87.73|34|0|0|1|0|0|1|0|0|1|0|108.0
郑州|高新区|6|48.53|20|0|0|1|0|0|1|0|0|1|0|83.0
郑州|高新区|5|78.77|18|0|0|1|0|0|1|0|0|1|0|99.0
郑州|高新区|5|78.77|7|0|0|1|0|0|1|0|0|0|1|116.0
郑州|高新区|7|103.65|33|0|0|1|0|0|1|0|0|0|1|148.0
郑州|高新区|6|105.09|18|0|0|1|0|0|0|1|1|0|0|119.0
郑州|高新区|5|86.45|18|0|0|1|0|0|0|1|0|1|0|106.0
郑州|高新区|4|91.17|28|0|0|1|0|1|0|0|0|1|0|105.0
郑州|高新区|4|88.43|33|0|0|1|0|0|0|1|0|0|1|128.0
郑州|高新区|6|88.53|18|0|0|1|0|0|1|0|0|0|1|128.0
郑州|高新区|5|85.99|16|0|0|1|0|0|1|0|0|0|1|98.0
郑州|高新区|5|91.23|6|0|0|1|0|0|1|0|1|0|0|91.0
郑州|高新区|6|106.73|18|0|0|1|0|0|1|0|1|0|0|139.0
郑州|高新区|5|92.52|7|0|0|1|0|0|0|1|0|0|1|118.0
郑州|高新区|5|90.11|32|0|0|0|1|0|1|0|0|1|0|118.0
郑州|高新区|4|93.23|7|0|0|1|0|0|1|0|0|0|1|118.0
郑州|高新区|0|42.25|11|0|0|1|0|0|1|0|0|1|0|51.0
郑州|高新区|6|99.69|18|0|0|1|0|0|1|0|0|0|1|133.0
郑州|高新区|4|91.17|28|0|0|1|0|1|0|0|0|1|0|105.0
郑州|高新区|6|121.69|11|0|0|1|0|0|1|0|0|1|0|160.0
郑州|高新区|9|151.85|7|0|0|1|0|0|0|1|0|0|1|425.0
郑州|高新区|9|114.12|34|0|0|1|0|1|0|0|1|0|0|213.0
郑州|高新区|6|105.09|18|0|0|1|0|0|0|1|1|0|0|119.0
郑州|高新区|5|86.45|18|0|0|1|0|0|0|1|0|1|0|106.0
郑州|高新区|0|42.27|9|1|0|0|0|0|1|0|0|0|1|46.0
郑州|高新区|5|93.58|6|0|0|1|0|0|0|1|0|0|1|122.0
郑州|高新区|4|87.39|33|0|0|1|0|0|1|0|0|1|0|110.0
郑州|高新区|5|84.47|6|0|0|1|0|0|1|0|0|0|1|70.0
郑州|高新区|7|120.68|6|0|0|1|0|0|1|0|0|0|1|1675.0
郑州|高新区|7|130.13|16|0|0|1|0|0|0|1|0|0|1|157.0
郑州|高新区|4|87.91|6|0|0|1|0|0|1|0|0|0|1|117.0
郑州|高新区|4|49.45|20|0|1|0|0|0|0|1|0|1|0|80.0
郑州|高新区|6|88.53|18|0|0|1|0|0|1|0|0|0|1|128.0
郑州|高新区|5|85.57|32|0|0|1|0|1|0|0|0|0|1|100.0
郑州|高新区|7|110.89|18|0|0|1|0|0|1|0|0|0|1|135.0
郑州|高新区|7|121.69|11|0|0|1|0|0|1|0|0|1|0|162.0
郑州|高新区|7|101.44|26|0|0|1|0|0|0|1|1|0|0|168.0
郑州|高新区|9|143.78|7|0|0|1|0|1|0|0|0|0|1|385.0
郑州|高新区|4|69.08|32|0|1|0|0|0|1|0|0|1|0|85.0
郑州|高新区|4|48.53|20|0|0|1|0|0|0|1|0|1|0|73.0
郑州|高新区|4|76.61|34|0|0|1|0|0|1|0|0|1|0|101.0
郑州|高新区|6|86.99|18|0|0|1|0|0|1|0|0|0|1|85.0
郑州|高新区|4|88.43|33|0|0|1|0|0|0|1|0|0|1|128.0
郑州|高新区|5|48.45|20|0|0|1|0|0|0|1|0|1|0|725.0
郑州|高新区|4|100.93|17|0|0|1|0|0|0|1|0|0|1|118.0
郑州|高新区|7|109.89|34|0|0|1|0|0|0|1|0|1|0|141.0
郑州|高新区|4|78.71|16|0|0|1|0|0|1|0|0|0|1|965.0
郑州|高新区|7|115.57|22|0|0|1|0|0|0|1|1|0|0|170.0
郑州|高新区|5|88.54|18|0|0|1|0|1|0|0|0|1|0|145.0
郑州|高新区|5|86.37|33|0|0|1|0|0|1|0|0|1|0|113.0
郑州|高新区|7|119.83|18|0|0|1|0|0|0|1|0|1|0|142.0
郑州|高新区|6|84.23|26|0|0|1|0|0|0|1|0|0|1|126.0
郑州|高新区|5|85.71|33|0|0|1|0|0|1|0|0|0|1|108.0
郑州|高新区|5|91.81|18|0|0|1|0|0|1|0|0|1|0|120.0
郑州|高新区|5|82.46|27|0|0|1|0|1|0|0|0|0|1|106.0
郑州|高新区|7|145.03|27|0|0|1|0|0|0|1|0|0|1|230.0
郑州|高新区|7|145.03|24|0|0|1|0|0|1|0|0|0|1|169.0
郑州|高新区|6|89.63|34|0|0|1|0|0|0|1|0|0|1|125.0
郑州|高新区|7|89.63|18|0|0|1|0|0|1|0|0|1|0|125.0
郑州|高新区|4|87.95|6|0|0|1|0|0|1|0|0|0|1|76.0
郑州|高新区|4|78.71|16|0|0|1|0|0|1|0|0|0|1|97.0
郑州|高新区|7|89.28|34|0|0|1|0|0|0|1|0|0|1|127.0
郑州|高新区|7|101.42|26|0|0|1|0|0|0|1|1|0|0|1585.0
郑州|高新区|9|130.91|34|0|0|1|0|0|0|1|0|0|1|2833.0
郑州|高新区|12|130.91|6|0|0|1|0|0|1|0|0|0|1|175.0
郑州|高新区|7|85.11|34|0|0|1|0|0|0|1|0|0|1|130.0
郑州|高新区|6|89.28|34|0|0|1|0|0|0|1|0|0|1|125.0
郑州|高新区|7|136.46|11|0|0|1|0|0|0|1|0|0|1|215.0
郑州|高新区|9|157.29|7|0|0|1|0|0|1|0|1|0|0|150.0
郑州|高新区|10|156.17|15|0|0|1|0|0|1|0|0|0|1|218.0
郑州|高新区|10|156.17|15|0|0|1|0|0|1|0|0|0|1|218.0
郑州|高新区|12|244.06|5|0|0|1|0|0|1|0|0|0|1|550.0
郑州|高新区|8|152.81|6|0|0|1|0|0|1|0|0|0|1|266.0
郑州|高新区|7|120.66|8|0|0|1|0|0|1|0|0|0|1|220.0
郑州|高新区|7|90.63|26|0|0|1|0|0|0|1|0|0|1|123.0
郑州|高新区|9|113.53|7|0|0|1|0|0|1|0|0|0|1|123.0
郑州|高新区|12|80.65|11|0|0|1|0|0|0|1|0|0|1|146.0
郑州|高新区|7|140.31|33|0|0|1|0|0|1|0|0|1|0|210.0
郑州|高新区|7|119.83|18|0|0|1|0|0|1|0|0|1|0|145.0
郑州|高新区|7|119.83|7|0|0|1|0|0|1|0|0|0|1|118.0
郑州|高新区|8|75.24|20|0|0|1|0|0|1|0|0|1|0|1275.0
郑州|高新区|7|75.24|34|0|0|1|0|0|0|1|0|0|1|132.0
郑州|高新区|9|116.55|33|0|0|1|0|0|1|0|0|1|0|198.0
郑州|高新区|7|108.07|17|0|0|1|0|0|0|1|0|1|0|136.0
郑州|高新区|7|119.31|34|0|0|1|0|0|0|1|0|1|0|180.0
郑州|高新区|12|99.44|6|0|0|1|0|0|0|1|0|0|1|260.0
郑州|高新区|7|88.54|34|0|0|1|0|0|1|0|0|0|1|119.0
郑州|高新区|6|90.05|11|0|0|1|0|0|0|1|0|0|1|138.0
郑州|高新区|7|90.27|34|0|0|1|0|0|0|1|0|1|0|126.0
郑州|高新区|8|90.27|34|0|0|1|0|0|0|1|0|1|0|265.0
郑州|高新区|9|188.82|7|0|0|1|0|0|1|0|0|0|1|163.0
郑州|高新区|9|113.11|33|0|0|1|0|0|0|1|0|1|0|240.0
郑州|高新区|7|113.11|34|0|0|1|0|0|0|1|0|1|0|176.0
郑州|高新区|7|138.72|6|0|0|1|0|0|1|0|0|0|1|350.0
郑州|高新区|7|89.05|18|0|0|1|0|0|1|0|0|1|0|106.0
郑州|高新区|7|75.12|20|0|0|1|0|0|0|1|0|1|0|135.0
郑州|高新区|7|75.12|34|0|0|1|0|0|1|0|1|0|0|108.0
郑州|高新区|9|142.95|6|0|0|1|0|0|1|0|0|0|1|252.0
郑州|高新区|7|77.18|20|0|0|1|0|0|1|0|0|1|0|125.0
郑州|高新区|6|143.74|11|0|0|1|0|0|0|1|0|1|0|235.0
郑州|高新区|7|117.91|34|0|0|1|0|0|0|1|0|0|1|180.0
郑州|高新区|7|140.49|33|0|0|1|0|0|0|1|0|1|0|220.0
郑州|高新区|7|88.96|31|0|0|1|0|0|0|1|0|1|0|173.0
郑州|高新区|6|88.78|34|1|0|0|0|0|1|0|0|1|0|122.0
郑州|高新区|6|119.31|34|0|0|1|0|0|0|1|0|1|0|185.0
郑州|高新区|7|85.06|34|0|0|1|0|0|0|1|0|0|1|113.0
郑州|高新区|7|85.06|7|0|0|1|0|0|0|1|0|0|1|215.0
郑州|高新区|6|121.69|11|0|0|1|0|0|0|1|0|1|0|170.0
郑州|高新区|7|129.38|7|0|0|1|0|0|0|1|0|0|1|379.0
郑州|高新区|7|89.78|28|0|0|1|0|0|0|1|0|1|0|122.0
郑州|高新区|7|86.85|34|0|0|1|0|0|1|0|0|0|1|130.0
郑州|高新区|9|81.53|19|0|0|1|0|0|1|0|0|1|0|102.0
郑州|高新区|7|151.23|24|0|0|1|0|0|0|1|0|0|1|206.0
郑州|高新区|9|131.03|27|0|0|1|0|0|1|0|0|1|0|260.0
郑州|高新区|7|119.98|16|0|0|1|0|1|0|0|0|1|0|160.0
郑州|高新区|7|121.01|6|0|0|1|0|0|0|1|1|0|0|220.0
郑州|高新区|7|117.91|34|0|0|1|0|0|0|1|0|0|1|176.0
郑州|高新区|7|116.95|34|0|0|1|0|0|0|1|0|1|0|152.0
郑州|高新区|7|116.95|6|0|0|1|0|0|1|0|0|0|1|122.0
郑州|高新区|7|90.06|18|0|0|1|0|0|1|0|0|1|0|123.0
郑州|高新区|9|148.65|15|0|0|1|0|0|1|0|0|0|1|230.0
郑州|高新区|7|148.65|11|0|1|0|0|0|1|0|0|0|1|105.0
郑州|高新区|7|121.33|6|0|0|1|0|0|0|1|0|0|1|210.0
郑州|高新区|7|84.79|11|0|0|1|0|0|1|0|0|0|1|110.0
郑州|高新区|7|84.79|34|0|0|1|0|0|0|1|0|1|0|125.0
郑州|高新区|5|93.75|6|0|0|1|0|0|0|1|0|0|1|115.0
郑州|高新区|9|175.43|6|0|0|1|0|0|0|1|0|0|1|232.0
郑州|高新区|9|222.53|11|0|0|1|0|0|1|0|0|0|1|210.0
郑州|高新区|7|89.44|34|0|0|1|0|0|1|0|0|1|0|123.0
郑州|高新区|9|176.95|6|1|0|0|0|0|0|1|0|0|1|260.0
郑州|高新区|7|113.02|34|0|0|1|0|0|1|0|0|1|0|148.0
郑州|高新区|7|87.72|34|0|0|1|0|0|1|0|0|0|1|120.0
郑州|高新区|7|126.41|34|0|0|1|0|0|1|0|0|0|1|181.0
郑州|高新区|6|98.61|11|0|0|1|0|0|0|1|0|0|1|140.0
郑州|高新区|9|176.95|6|1|0|0|0|0|0|1|0|0|1|260.0
郑州|高新区|7|93.57|6|0|0|1|0|0|1|0|0|0|1|115.0
郑州|高新区|7|93.57|34|0|0|1|0|0|1|0|0|1|0|175.0
郑州|高新区|7|85.67|6|0|0|1|0|0|0|1|0|1|0|108.0
郑州|高新区|7|142.63|32|0|0|1|0|0|1|0|0|1|0|178.0
郑州|高新区|7|118.55|34|0|0|1|0|0|0|1|0|1|0|170.0
郑州|高新区|7|118.16|30|0|0|1|0|0|1|0|0|0|1|165.0
郑州|高新区|7|103.33|17|0|0|1|0|0|0|1|0|0|1|117.0
郑州|高新区|7|89.17|27|0|0|1|0|0|0|1|0|1|0|158.0
郑州|高新区|7|89.15|33|0|0|1|0|0|0|1|0|1|0|139.0
郑州|高新区|6|89.85|29|0|0|1|0|0|0|1|0|1|0|135.0
郑州|高新区|7|108.07|17|0|0|1|0|0|1|0|0|1|0|131.0
郑州|高新区|7|167.59|7|0|0|1|0|0|1|0|0|0|1|1638.0
郑州|高新区|7|129.18|27|0|0|1|0|0|1|0|0|1|0|173.0
郑州|高新区|7|129.18|27|0|0|1|0|0|0|1|0|1|0|159.0
郑州|高新区|9|150.07|7|1|0|0|0|0|1|0|0|0|1|185.0
郑州|高新区|7|150.07|34|0|0|1|0|0|0|1|0|0|1|128.0
郑州|高新区|6|89.13|6|0|0|1|0|0|1|0|0|0|1|100.0
郑州|高新区|8|113.53|7|0|0|1|0|0|1|0|0|0|1|109.0
郑州|高新区|7|100.46|18|0|0|1|0|1|0|0|0|0|1|133.0
郑州|高新区|6|94.23|6|0|0|1|0|0|0|1|0|0|1|88.0
郑州|高新区|6|135.43|28|0|0|1|0|0|1|0|0|1|0|163.0
郑州|高新区|6|88.24|34|0|0|1|0|0|1|0|0|1|0|120.0
郑州|高新区|7|89.15|33|0|0|1|0|0|0|1|0|1|0|146.0
郑州|高新区|6|89.15|34|0|0|1|0|0|1|0|0|0|1|128.0
郑州|高新区|7|109.16|17|0|0|1|0|0|1|0|0|0|1|1258.0
郑州|高新区|6|129.38|4|0|0|1|0|0|0|1|0|0|1|285.0
郑州|高新区|7|129.17|28|0|0|1|0|0|0|1|0|1|0|152.0
郑州|高新区|7|129.17|34|0|0|1|0|0|0|1|0|0|1|118.0
郑州|高新区|7|131.32|18|0|0|1|0|0|0|1|0|0|1|182.0
郑州|高新区|8|86.85|34|0|0|1|0|0|1|0|0|0|1|130.0
郑州|高新区|6|93.17|26|0|0|1|0|0|1|0|0|0|1|113.0
郑州|高新区|6|85.05|34|0|0|1|0|0|1|0|0|0|1|117.0
郑州|高新区|12|176.84|15|0|0|1|0|0|1|0|0|0|1|205.0
郑州|高新区|6|119.16|18|0|0|1|0|0|0|1|0|1|0|142.0
郑州|高新区|13|119.16|6|0|0|1|0|0|1|0|0|0|1|169.0
郑州|高新区|7|88.24|34|0|0|1|0|0|1|0|0|1|0|111.0
郑州|高新区|7|94.14|15|0|0|1|0|0|0|1|0|0|1|145.0
郑州|高新区|10|94.14|11|0|0|1|0|0|0|1|0|0|1|160.0
郑州|高新区|7|94.14|7|0|0|1|0|0|0|1|0|0|1|335.0
郑州|高新区|7|94.14|33|0|0|1|0|0|1|0|0|1|0|135.0
郑州|高新区|9|130.37|33|0|0|1|0|0|0|1|0|1|0|255.0
郑州|高新区|9|130.37|4|0|0|1|0|0|1|0|0|0|1|350.0
郑州|高新区|6|106.34|27|0|0|1|0|0|1|0|0|0|1|145.0
郑州|高新区|7|119.19|28|0|0|1|0|0|0|1|0|0|1|175.0
郑州|高新区|7|133.33|16|0|0|1|0|0|0|1|0|0|1|160.0
郑州|高新区|8|133.33|18|0|0|1|0|0|1|0|1|0|0|148.0
郑州|高新区|9|87.45|18|0|0|1|0|0|1|0|1|0|0|192.0
郑州|高新区|7|145.02|27|0|0|1|0|0|1|0|0|0|1|190.0
郑州|高新区|7|94.34|27|0|0|1|0|0|1|0|0|0|1|125.0
郑州|高新区|9|201.95|7|0|0|1|0|0|0|1|0|0|1|240.0
郑州|高新区|5|92.91|6|0|0|1|0|0|1|0|0|0|1|100.0
郑州|高新区|6|91.17|11|0|0|1|0|0|0|1|0|0|1|246.0
郑州|高新区|9|141.34|34|0|0|1|0|0|0|1|0|0|1|229.0
郑州|高新区|7|104.09|18|0|0|1|0|0|1|0|0|0|1|116.0
郑州|高新区|4|120.35|18|0|0|1|0|0|0|1|1|0|0|155.0
郑州|高新区|7|133.33|16|0|0|1|0|0|0|1|0|0|1|160.0
郑州|高新区|7|88.24|34|0|0|1|0|0|1|0|0|0|1|108.0
郑州|高新区|9|157.82|11|0|0|1|0|0|0|1|0|0|1|203.0
郑州|高新区|7|88.16|34|0|0|1|0|0|0|1|0|0|1|108.0
郑州|高新区|7|128.96|6|0|0|1|0|0|0|1|0|0|1|115.0
郑州|高新区|7|109.34|18|0|0|1|0|0|0|1|0|0|1|139.0
郑州|高新区|7|104.09|18|0|0|1|0|0|1|0|0|0|1|116.0
郑州|高新区|9|201.95|7|0|0|1|0|0|0|1|0|0|1|240.0
郑州|高新区|5|92.91|6|0|0|1|0|0|1|0|0|0|1|100.0
郑州|高新区|4|120.35|18|0|0|1|0|0|0|1|1|0|0|155.0
郑州|高新区|9|141.34|34|0|0|1|0|0|0|1|0|0|1|229.0
郑州|高新区|6|91.17|11|0|0|1|0|0|0|1|0|0|1|246.0
郑州|高新区|7|94.34|27|0|0|1|0|0|1|0|0|0|1|125.0
郑州|高新区|7|145.02|27|0|0|1|0|0|1|0|0|0|1|190.0
郑州|高新区|7|119.19|28|0|0|1|0|0|0|1|0|0|1|175.0
郑州|高新区|6|89.53|33|0|0|1|0|0|1|0|0|0|1|132.0
郑州|高新区|6|89.53|34|0|0|1|0|0|0|1|0|0|1|135.0
郑州|高新区|7|133.67|33|0|0|1|0|0|0|1|0|1|0|215.0
郑州|高新区|7|121.69|11|0|0|1|0|0|0|1|0|1|0|166.0
郑州|高新区|7|108.64|6|0|0|1|0|0|0|1|0|0|1|118.0
郑州|高新区|5|55.62|20|0|0|1|0|0|1|0|0|1|0|85.0
郑州|高新区|7|108.99|26|0|0|1|0|0|0|1|1|0|0|130.0
郑州|高新区|7|108.99|6|0|0|1|0|0|0|1|0|1|0|105.0
郑州|高新区|6|126.29|34|0|0|1|0|0|0|1|0|0|1|168.0
郑州|高新区|7|126.29|33|0|0|1|0|0|0|1|0|0|1|119.0
郑州|高新区|7|85.23|34|0|0|1|0|0|1|0|0|0|1|117.0
郑州|高新区|7|131.47|7|0|0|1|0|0|1|0|0|0|1|165.0
郑州|高新区|9|143.36|5|0|0|1|0|0|0|1|0|0|1|323.0
郑州|高新区|6|111.95|18|0|0|1|0|0|1|0|1|0|0|131.0
郑州|高新区|7|124.48|6|0|0|1|0|0|0|1|0|0|1|280.0
郑州|高新区|6|89.91|34|0|0|1|0|0|1|0|0|0|1|130.0
郑州|高新区|7|110.21|18|0|0|1|0|0|0|1|0|0|1|140.0
郑州|高新区|6|91.17|11|0|0|1|0|0|0|1|0|0|1|246.0
郑州|高新区|9|141.34|34|0|0|1|0|0|0|1|0|0|1|229.0
郑州|高新区|4|120.35|18|0|0|1|0|0|0|1|1|0|0|155.0
郑州|高新区|7|109.34|18|0|0|1|0|0|0|1|0|0|1|139.0
郑州|高新区|6|111.95|18|0|0|1|0|0|1|0|1|0|0|131.0
郑州|高新区|7|108.99|26|0|0|1|0|0|0|1|1|0|0|130.0
郑州|高新区|7|108.99|33|0|0|1|0|0|0|1|0|0|1|119.0
郑州|高新区|7|120.47|6|0|0|0|1|0|0|1|0|0|1|260.0
郑州|高新区|7|113.49|6|0|0|1|0|0|1|0|0|0|1|156.0
郑州|高新区|7|146.26|6|0|0|1|0|0|1|0|0|0|1|235.0
郑州|高新区|7|129.05|33|0|0|1|0|0|1|0|0|1|0|183.0
郑州|高新区|4|76.51|33|0|0|1|0|0|1|0|0|0|1|97.0
郑州|高新区|9|143.36|5|0|0|1|0|0|0|1|0|0|1|323.0
郑州|高新区|5|55.62|20|0|0|1|0|0|1|0|0|1|0|85.0
郑州|高新区|6|126.29|34|0|0|1|0|0|0|1|0|0|1|168.0
郑州|高新区|7|85.23|34|0|0|1|0|0|1|0|0|0|1|117.0
郑州|高新区|7|85.23|6|0|0|1|0|0|0|1|0|1|0|105.0
郑州|高新区|7|131.47|7|0|0|1|0|0|1|0|0|0|1|165.0
郑州|高新区|6|131.47|18|1|0|0|0|0|1|0|1|0|0|123.0
郑州|高新区|5|91.11|6|0|0|1|0|0|1|0|1|0|0|94.0
郑州|高新区|7|124.48|6|0|0|1|0|0|0|1|0|0|1|280.0
郑州|高新区|7|75.24|20|0|0|1|0|0|0|1|0|1|0|128.0
郑州|高新区|7|75.24|11|0|0|1|0|0|0|1|0|0|1|140.0
郑州|高新区|7|89.08|33|0|0|1|0|0|0|1|0|1|0|185.0
郑州|高新区|9|75.12|20|0|0|1|0|0|1|0|0|1|0|130.0
郑州|高新区|6|75.12|11|0|0|1|0|0|1|0|0|1|0|142.0
郑州|高新区|6|110.89|18|0|0|1|0|0|1|0|0|0|1|131.0
郑州|高新区|7|90.22|26|0|0|1|0|0|0|1|0|0|1|135.0
郑州|高新区|8|118.16|30|0|0|1|0|0|0|1|0|0|1|168.0
郑州|高新区|7|118.16|6|0|0|1|0|0|0|1|0|0|1|130.0
郑州|高新区|6|104.48|18|0|0|1|0|0|1|0|0|1|0|138.0
郑州|高新区|9|104.48|18|0|0|1|0|0|0|1|0|0|1|245.0
郑州|高新区|7|90.25|34|0|0|1|0|0|0|1|0|1|0|125.0
郑州|高新区|7|89.08|34|0|0|1|0|0|0|1|0|0|1|117.0
郑州|高新区|6|119.05|34|0|0|1|0|0|1|0|0|0|1|137.0
郑州|高新区|7|90.57|32|0|0|1|0|0|0|1|0|1|0|130.0
郑州|高新区|9|145.12|7|0|0|1|0|0|0|1|0|1|0|275.0
郑州|高新区|7|119.19|28|0|0|1|0|0|0|1|0|0|1|163.0
郑州|高新区|9|148.15|15|0|0|1|0|0|0|1|0|0|1|193.0
郑州|高新区|7|88.48|35|0|0|1|0|0|0|1|0|0|1|109.0
郑州|高新区|9|141.38|34|0|0|1|0|0|1|0|0|0|1|186.0
郑州|高新区|7|126.91|34|0|0|1|0|0|0|1|0|0|1|175.0
郑州|高新区|6|88.54|34|0|0|1|0|0|0|1|0|0|1|116.0
郑州|高新区|7|90.22|26|0|0|1|0|0|0|1|0|0|1|135.0
郑州|高新区|9|91.97|18|0|0|1|0|0|1|0|0|0|1|170.0
郑州|高新区|6|110.89|18|0|0|1|0|0|1|0|0|0|1|131.0
郑州|高新区|4|87.67|25|0|0|1|0|0|0|1|0|0|1|135.0
郑州|高新区|0|87.67|29|0|0|1|0|0|0|1|0|1|0|38.0
郑州|高新区|0|87.67|27|0|0|1|0|0|1|0|0|1|0|60.0
郑州|高新区|4|34.56|19|0|1|0|0|1|0|0|0|1|0|39.0
郑州|高新区|4|34.56|19|0|1|0|0|0|1|0|0|1|0|29.0
郑州|高新区|5|34.56|13|0|0|1|0|1|0|0|0|0|1|56.0
郑州|高新区|1|53.06|18|0|0|1|0|0|1|0|0|0|1|72.0
郑州|高新区|4|73.55|18|0|0|1|0|0|1|0|0|0|1|113.0
郑州|高新区|4|37.74|20|0|1|0|0|0|1|0|0|1|0|615.0
郑州|高新区|4|37.83|20|0|0|1|0|0|1|0|0|1|0|61.0
郑州|高新区|1|43.89|34|0|1|0|0|0|1|0|0|1|0|375.0
郑州|高新区|1|48.82|24|1|0|0|0|0|1|0|0|1|0|55.0
郑州|高新区|1|38.12|28|0|0|1|0|0|1|0|0|0|1|38.0
郑州|高新区|0|38.79|33|0|0|0|1|0|1|0|0|0|1|33.0
郑州|高新区|1|46.61|26|0|0|1|0|0|0|1|0|0|1|46.0
郑州|高新区|4|37.85|20|0|0|1|0|0|1|0|0|1|0|64.0
郑州|高新区|0|34.44|19|0|0|1|0|0|0|1|0|0|1|30.0
郑州|高新区|0|33.64|23|0|1|0|0|0|1|0|0|0|1|40.0
郑州|高新区|4|67.57|13|0|0|1|0|0|0|1|1|0|0|108.0
郑州|高新区|5|89.63|33|0|0|1|0|0|0|1|0|0|1|133.0
郑州|高新区|4|88.67|28|0|0|1|0|0|0|1|0|0|1|117.0
郑州|高新区|4|47.16|13|0|1|0|0|1|0|0|0|0|1|50.0
郑州|高新区|0|44.99|9|1|0|0|0|0|0|1|0|0|1|46.0
郑州|高新区|1|43.89|34|0|1|0|0|0|0|1|0|1|0|45.0
郑州|高新区|0|53.89|30|0|0|1|0|0|1|0|1|0|0|398.0
郑州|高新区|1|53.06|20|0|1|0|0|0|1|0|0|0|1|56.0
郑州|高新区|1|40.29|20|0|1|0|0|0|0|1|0|1|0|70.0
郑州|高新区|4|45.77|19|0|0|1|0|0|1|0|1|0|0|40.0
郑州|高新区|0|28.82|9|0|0|0|1|0|0|1|0|0|1|315.0
郑州|高新区|0|44.99|9|1|0|0|0|0|0|1|0|0|1|45.0
郑州|高新区|1|37.22|28|0|0|1|0|0|0|1|1|0|0|28.0
郑州|高新区|1|43.36|32|0|1|0|0|0|1|0|1|0|0|38.0
郑州|高新区|1|47.77|33|0|0|1|0|0|1|0|1|0|0|573.0
郑州|高新区|4|48.56|20|1|0|0|0|0|0|1|0|0|1|50.0
郑州|高新区|7|92.71|15|0|0|1|0|0|0|1|0|0|1|150.0
郑州|高新区|4|92.71|34|0|0|1|0|1|0|0|0|0|1|135.0
郑州|高新区|9|116.71|8|0|0|1|0|1|0|0|0|0|1|275.0
郑州|高新区|5|86.37|33|0|0|1|0|0|1|0|0|1|0|115.0
郑州|高新区|7|112.12|26|0|0|1|0|0|0|1|1|0|0|185.0
郑州|高新区|5|89.83|28|0|0|1|0|0|1|0|1|0|0|122.0
郑州|高新区|4|47.16|13|0|1|0|0|0|0|1|0|0|1|595.0
郑州|高新区|5|47.16|34|0|0|1|0|0|0|1|0|1|0|115.0
郑州|高新区|7|47.16|6|0|0|1|0|0|0|1|0|0|1|173.0
郑州|高新区|6|90.47|34|0|0|1|0|0|0|1|0|1|0|1256.0
郑州|高新区|7|146.17|34|0|0|1|0|0|0|1|0|1|0|189.0
郑州|高新区|5|90.65|34|0|0|1|0|0|1|0|0|1|0|1183.0
郑州|高新区|5|90.66|34|0|0|1|0|0|0|1|0|1|0|122.0
郑州|高新区|7|89.85|34|0|0|1|0|0|1|0|0|1|0|128.0
郑州|高新区|5|78.13|34|0|0|1|0|0|0|1|0|1|0|96.0
郑州|高新区|5|78.13|34|0|0|1|0|0|0|1|0|1|0|115.0
郑州|高新区|5|78.13|20|0|0|1|0|0|0|1|0|0|1|62.0
郑州|高新区|5|77.12|34|0|0|1|0|0|0|1|0|0|1|105.0
郑州|高新区|7|96.43|26|0|0|1|0|0|0|1|0|0|1|139.0
郑州|高新区|7|120.62|7|0|0|1|0|0|0|1|0|1|0|162.0
郑州|高新区|1|45.87|34|0|0|1|0|0|0|1|0|1|0|445.0
郑州|高新区|4|48.85|20|0|0|1|0|0|0|1|0|0|1|55.0
郑州|高新区|7|137.28|16|0|0|1|0|0|1|0|0|0|1|170.0
郑州|高新区|5|95.51|6|0|0|1|0|0|0|1|0|0|1|160.0
郑州|高新区|5|80.77|27|0|0|1|0|0|1|0|0|0|1|109.0
郑州|高新区|7|88.64|34|0|0|1|0|0|1|0|0|1|0|123.0
郑州|高新区|6|89.64|11|0|0|1|0|0|0|1|0|1|0|145.0
郑州|高新区|8|55.46|19|0|0|1|0|0|1|0|1|0|0|63.0
郑州|高新区|6|89.48|27|0|0|1|0|0|0|1|0|1|0|85.0
郑州|高新区|7|142.26|6|0|0|1|0|0|0|1|0|0|1|166.0
郑州|高新区|6|142.26|5|0|0|1|0|0|1|0|0|0|1|72.0
郑州|高新区|7|116.77|6|0|0|1|0|0|1|0|0|1|0|130.0
郑州|高新区|7|129.31|12|0|0|1|0|0|1|0|0|0|1|230.0
郑州|高新区|6|87.21|33|0|0|1|0|0|1|0|0|0|1|173.0
郑州|高新区|5|77.79|34|0|0|1|0|0|0|1|0|0|1|98.0
郑州|高新区|5|79.34|30|0|0|1|0|0|1|0|0|1|0|75.0
郑州|高新区|4|79.34|7|0|0|1|0|0|1|0|0|0|1|82.0
郑州|高新区|7|89.26|30|0|0|1|0|0|0|1|0|1|0|86.0
郑州|高新区|4|89.26|7|0|0|1|0|0|1|0|0|0|1|82.0
郑州|高新区|6|48.15|18|0|1|0|0|0|0|1|1|0|0|63.0
郑州|高新区|7|88.27|33|0|0|1|0|0|0|1|0|1|0|125.0
郑州|高新区|4|76.54|34|0|0|1|0|0|1|0|0|1|0|104.0
郑州|高新区|5|87.59|34|0|0|0|1|0|1|0|0|1|0|110.0
郑州|高新区|7|88.68|33|0|0|1|0|0|0|1|0|1|0|140.0
郑州|高新区|5|90.11|32|1|0|0|0|0|1|0|0|1|0|116.0
郑州|高新区|5|91.59|34|1|0|0|0|0|0|1|0|1|0|120.0
郑州|高新区|5|84.79|6|0|0|1|0|0|1|0|0|0|1|103.0
郑州|高新区|7|84.79|18|0|0|1|0|0|0|1|0|0|1|1635.0
郑州|高新区|7|87.27|34|0|0|1|0|0|1|0|0|0|1|118.0
郑州|高新区|4|79.89|30|0|0|1|0|0|1|0|0|1|0|80.0
郑州|高新区|4|80.05|6|0|0|1|0|0|1|0|0|0|1|92.0
郑州|高新区|5|49.91|20|0|0|1|0|0|0|1|0|1|0|75.0
郑州|高新区|5|53.67|6|0|0|1|0|0|1|0|1|0|0|59.0
郑州|高新区|7|53.67|26|0|1|0|0|0|0|1|0|0|1|157.0
郑州|高新区|7|117.39|35|0|0|1|0|0|0|1|0|0|1|145.0
郑州|高新区|5|89.54|26|0|1|0|0|0|0|1|0|0|1|138.0
郑州|高新区|5|89.54|18|0|0|1|0|0|0|1|0|1|0|128.0
郑州|高新区|7|147.05|14|0|0|1|0|0|0|1|0|0|1|180.0
郑州|高新区|5|147.05|34|0|0|1|0|0|1|0|0|0|1|125.0
郑州|高新区|5|84.68|5|0|0|1|0|0|0|1|0|0|1|90.0
郑州|高新区|7|87.75|34|0|0|1|0|0|0|1|0|0|1|116.0
郑州|高新区|7|90.51|34|0|0|1|0|0|1|0|0|1|0|815.0
郑州|高新区|5|86.41|15|0|0|1|0|0|0|1|0|0|1|110.0
郑州|高新区|4|87.83|18|0|0|1|0|0|1|0|0|0|1|1145.0
郑州|高新区|4|69.81|30|0|0|1|0|0|1|0|0|1|0|65.0
郑州|高新区|5|87.19|33|0|0|1|0|0|1|0|0|1|0|177.0
郑州|高新区|5|86.86|18|0|0|1|0|0|1|0|0|1|0|99.0
郑州|高新区|4|91.68|34|0|0|1|0|0|0|1|0|1|0|123.0
郑州|高新区|4|47.16|13|0|1|0|0|0|0|1|0|0|1|59.0
郑州|高新区|7|47.16|33|0|0|1|0|0|0|1|1|0|0|125.0
郑州|高新区|7|115.04|18|0|0|1|0|0|1|0|0|1|0|141.0
郑州|高新区|5|115.04|6|0|0|1|0|0|1|0|0|0|1|105.0
郑州|高新区|5|115.04|33|0|0|1|0|0|1|0|0|1|0|135.0
郑州|高新区|7|87.22|33|0|0|1|0|1|0|0|0|0|1|120.0
郑州|高新区|7|90.51|34|0|0|1|0|0|1|0|0|1|0|815.0
郑州|高新区|5|86.41|15|0|0|1|0|0|0|1|0|0|1|110.0
郑州|高新区|5|86.41|34|0|0|1|0|0|1|0|0|0|1|125.0
郑州|高新区|4|87.83|18|0|0|1|0|0|1|0|0|0|1|1145.0
郑州|高新区|7|108.86|28|0|0|1|0|0|0|1|0|0|1|129.0
郑州|高新区|7|89.82|33|0|0|1|0|0|1|0|1|0|0|130.0
郑州|高新区|6|89.48|27|0|0|1|0|0|1|0|0|1|0|84.0
郑州|高新区|4|47.35|20|0|1|0|0|0|1|0|1|0|0|50.0
郑州|高新区|4|68.46|27|0|0|1|0|0|1|0|0|0|1|85.0
郑州|高新区|7|68.46|34|0|1|0|0|0|0|1|0|0|1|160.0
郑州|高新区|5|73.43|18|0|0|1|0|0|0|1|0|0|1|116.0
郑州|高新区|5|73.43|18|0|0|1|0|0|1|0|0|0|1|123.0
郑州|高新区|4|87.47|6|0|0|1|0|0|0|1|0|0|1|1398.0
郑州|高新区|4|40.31|20|0|1|0|0|0|1|0|0|1|0|715.0
郑州|高新区|5|73.43|18|0|0|1|0|0|0|1|0|0|1|110.0
郑州|高新区|4|73.43|20|0|1|0|0|0|0|1|0|1|0|67.0
郑州|高新区|4|84.96|11|1|0|0|0|0|1|0|0|1|0|115.0
郑州|高新区|4|35.74|9|1|0|0|0|0|1|0|0|0|1|58.0
郑州|高新区|1|32.84|28|0|1|0|0|0|1|0|0|1|0|41.0
郑州|高新区|1|47.73|33|0|0|1|0|0|0|1|0|1|0|72.0
郑州|高新区|4|87.38|6|0|0|1|0|0|1|0|0|0|1|122.0
郑州|高新区|8|143.78|7|0|0|1|0|1|0|0|0|0|1|410.0
郑州|高新区|4|143.78|7|0|0|1|0|0|1|0|0|0|1|62.0
郑州|高新区|9|75.19|20|0|0|1|0|0|0|1|0|1|0|115.0
郑州|高新区|7|133.78|34|0|0|1|0|1|0|0|0|0|1|209.0
郑州|高新区|9|75.19|20|0|0|1|0|0|0|1|0|1|0|115.0
郑州|高新区|6|93.92|6|0|0|1|0|0|0|1|0|0|1|1126.0
郑州|高新区|7|88.26|34|0|0|1|0|0|0|1|0|0|1|172.0
郑州|高新区|12|154.66|6|0|0|1|0|0|1|0|0|0|1|149.0
郑州|高新区|7|88.09|34|0|0|1|0|0|0|1|1|0|0|172.0
郑州|高新区|7|148.85|6|0|0|1|0|0|1|0|0|0|1|195.0
郑州|高新区|9|114.12|34|0|0|1|0|1|0|0|1|0|0|210.0
郑州|高新区|7|87.31|33|0|0|1|0|0|1|0|1|0|0|127.0
郑州|高新区|7|88.13|34|0|0|1|0|0|1|0|0|0|1|128.0
郑州|高新区|7|111.62|34|0|0|1|0|0|1|0|0|0|1|160.0
郑州|高新区|6|119.81|18|0|1|0|0|0|1|0|0|1|0|148.0
郑州|高新区|7|87.65|33|0|0|1|0|0|0|1|0|1|0|166.0
郑州|高新区|0|31.54|9|0|0|0|1|0|0|1|0|0|1|33.0
郑州|高新区|5|77.39|7|0|0|1|0|0|1|0|0|0|1|125.0
郑州|高新区|6|81.69|34|0|0|1|0|1|0|0|0|1|0|109.0
郑州|高新区|1|53.44|33|0|0|1|0|0|1|0|0|1|0|62.0
郑州|高新区|4|53.44|20|0|1|0|0|0|0|1|0|1|0|63.0
郑州|高新区|4|53.44|20|0|1|0|0|0|0|1|0|1|0|68.0
郑州|高新区|1|53.63|11|0|0|1|0|0|1|0|0|1|0|85.0
郑州|高新区|0|33.64|23|0|1|0|0|0|1|0|0|0|1|50.0
郑州|高新区|0|35.92|28|0|0|1|0|0|1|0|0|0|1|29.0
郑州|高新区|1|54.84|33|0|1|0|0|0|1|0|0|1|0|70.0
郑州|高新区|1|56.08|11|0|0|1|0|0|1|0|0|1|0|85.0
郑州|高新区|5|90.05|6|0|0|1|0|0|0|1|0|0|1|115.0
郑州|高新区|4|58.15|6|1|0|0|0|0|1|0|0|0|1|97.0
郑州|高新区|5|98.98|11|0|0|1|0|0|1|0|0|1|0|140.0
郑州|高新区|4|90.09|11|0|0|1|0|0|1|0|0|0|1|106.0
郑州|高新区|5|71.73|34|0|0|1|0|0|0|1|0|1|0|93.0
郑州|高新区|7|90.43|18|0|0|1|0|0|1|0|0|0|1|144.0
郑州|高新区|4|90.43|20|0|1|0|0|0|0|1|0|1|0|66.0
郑州|高新区|1|43.15|11|0|0|1|0|0|1|0|0|1|0|52.0
郑州|高新区|1|43.15|24|0|0|1|0|0|1|0|0|1|0|71.0
郑州|高新区|0|43.15|23|0|0|1|0|0|0|1|1|0|0|69.0
郑州|高新区|9|146.33|15|0|0|1|0|0|1|0|0|0|1|203.0
郑州|高新区|4|37.85|20|0|0|1|0|0|1|0|0|1|0|58.0
郑州|高新区|0|49.86|24|0|0|0|1|0|0|1|0|1|0|51.0
郑州|高新区|5|94.69|6|0|0|1|0|0|1|0|0|0|1|116.0
郑州|高新区|0|33.64|23|0|1|0|0|0|1|0|0|0|1|45.0
郑州|高新区|5|88.86|6|0|0|1|0|0|1|0|0|0|1|96.0
郑州|高新区|4|88.86|20|0|0|1|0|0|0|1|0|1|0|65.0
郑州|高新区|7|115.84|26|0|0|1|0|0|0|1|1|0|0|184.0
郑州|高新区|5|93.99|6|0|0|1|0|0|1|0|0|0|1|96.0
郑州|高新区|0|40.84|23|0|0|1|0|0|1|0|1|0|0|55.0
郑州|高新区|4|61.73|23|0|0|1|0|0|1|0|0|0|1|85.0
郑州|高新区|4|72.98|34|0|0|1|0|0|0|1|0|1|0|95.0
郑州|高新区|1|69.72|24|0|0|1|0|0|1|0|0|0|1|85.0
郑州|高新区|1|35.67|18|0|1|0|0|0|1|0|0|1|0|46.0
郑州|高新区|1|37.83|20|0|0|1|0|0|1|0|0|1|0|65.0
郑州|高新区|1|63.36|23|0|0|1|0|0|0|1|0|0|1|806.0
郑州|高新区|5|94.06|6|0|0|1|0|0|1|0|0|0|1|97.0
郑州|高新区|0|35.67|18|0|1|0|0|0|0|1|0|1|0|41.0
郑州|高新区|5|73.64|26|0|0|1|0|0|0|1|0|0|1|114.0
郑州|高新区|4|56.12|23|0|0|0|1|0|1|0|0|0|1|73.0
郑州|高新区|1|35.68|18|0|0|1|0|0|1|0|0|1|0|49.0
郑州|高新区|4|53.63|11|0|0|1|0|0|1|0|0|1|0|87.0
郑州|高新区|0|49.86|24|0|0|0|1|0|0|1|0|1|0|52.0
郑州|高新区|1|40.84|23|0|1|0|0|0|1|0|1|0|0|48.0
郑州|高新区|15|40.84|3|0|0|1|0|0|1|0|0|0|1|760.0
郑州|高新区|0|35.68|18|0|1|0|0|0|0|1|0|1|0|45.0
郑州|高新区|1|57.34|23|0|0|1|0|0|0|1|1|0|0|71.0
郑州|高新区|5|87.65|18|0|0|1|0|0|0|1|0|0|1|1145.0
郑州|高新区|5|82.92|27|0|0|1|0|1|0|0|0|0|1|103.0
郑州|高新区|4|37.65|9|0|0|0|1|0|1|0|0|0|1|57.0
郑州|高新区|4|74.97|23|0|0|1|0|0|1|0|0|0|1|87.0
郑州|高新区|0|44.99|9|1|0|0|0|0|1|0|0|0|1|44.0
郑州|高新区|0|47.49|9|1|0|0|0|0|1|0|0|0|1|45.0
郑州|高新区|4|35.74|9|0|0|0|1|0|0|1|0|0|1|56.0
郑州|高新区|0|42.27|9|1|0|0|0|0|1|0|0|0|1|43.0
郑州|高新区|0|33.35|9|0|0|0|1|0|1|0|0|0|1|33.0
郑州|高新区|5|87.72|7|0|0|1|0|0|1|0|0|0|1|79.0
郑州|高新区|0|44.99|9|1|0|0|0|0|1|0|0|0|1|41.0
郑州|高新区|4|37.65|9|0|0|0|1|0|1|0|0|0|1|57.0
郑州|高新区|0|47.13|9|1|0|0|0|1|0|0|0|0|1|45.0
郑州|高新区|0|47.49|9|1|0|0|0|0|1|0|0|0|1|45.0
郑州|高新区|5|86.45|18|0|0|1|0|0|1|0|0|1|0|115.0
郑州|高新区|1|57.88|23|0|0|1|0|0|1|0|1|0|0|73.0
郑州|高新区|4|37.65|9|0|0|0|1|0|1|0|0|0|1|61.0
郑州|高新区|4|57.91|9|0|0|1|0|0|1|0|1|0|0|93.0
郑州|高新区|0|47.49|9|1|0|0|0|0|1|0|0|0|1|45.0
郑州|高新区|4|37.65|9|1|0|0|0|0|1|0|0|0|1|57.0
郑州|高新区|4|37.85|20|0|0|1|0|0|1|0|0|1|0|66.0
郑州|高新区|5|37.85|6|0|0|1|0|0|0|1|0|0|1|108.0
郑州|高新区|0|37.85|9|1|0|0|0|0|0|1|0|0|1|415.0
郑州|高新区|0|31.54|9|0|0|0|1|0|1|0|0|0|1|36.0
郑州|高新区|4|40.25|20|0|0|1|0|0|0|1|0|1|0|63.0
郑州|高新区|5|40.25|7|0|0|1|0|0|1|0|0|0|1|116.0
郑州|高新区|4|87.19|26|0|0|1|0|0|1|0|0|0|1|135.0
郑州|高新区|0|44.99|9|1|0|0|0|0|1|0|0|0|1|45.0
郑州|高新区|4|40.22|20|0|1|0|0|0|0|1|0|1|0|57.0
郑州|高新区|0|29.42|6|0|0|1|0|0|1|0|0|0|1|40.0
郑州|高新区|1|43.93|34|0|1|0|0|0|1|0|0|1|0|41.0
郑州|高新区|4|35.74|9|0|0|0|1|0|1|0|0|0|1|57.0
郑州|高新区|1|35.74|9|0|0|0|1|0|0|1|0|0|1|305.0
郑州|高新区|0|35.79|18|0|1|0|0|0|0|1|0|1|0|49.0
郑州|高新区|0|44.99|9|1|0|0|0|0|1|0|0|0|1|43.0
郑州|高新区|4|37.41|9|1|0|0|0|0|1|0|0|0|1|59.0
郑州|高新区|4|37.41|33|0|0|1|0|1|0|0|0|0|1|95.0
郑州|高新区|0|29.26|9|0|0|0|1|0|1|0|0|0|1|345.0
郑州|高新区|0|29.26|9|0|0|0|1|0|1|0|0|0|1|345.0
郑州|高新区|0|31.54|9|0|0|0|1|0|0|1|0|0|1|35.0
郑州|高新区|4|74.97|23|0|0|1|0|0|1|0|0|0|1|90.0
郑州|高新区|4|90.85|33|0|0|1|0|0|1|0|0|1|0|1095.0
郑州|高新区|1|53.81|33|0|1|0|0|0|0|1|0|1|0|62.0
郑州|高新区|4|79.32|34|0|0|1|0|0|1|0|0|0|1|106.0
郑州|高新区|4|70.33|30|0|0|1|0|0|0|1|1|0|0|102.0
郑州|高新区|4|35.87|9|1|0|0|0|0|1|0|0|0|1|57.0
郑州|高新区|4|40.86|20|0|1|0|0|0|1|0|0|1|0|51.0
郑州|高新区|7|111.89|26|0|0|1|0|0|0|1|1|0|0|185.0
郑州|高新区|4|35.74|9|0|0|0|1|0|0|1|0|0|1|56.0
郑州|高新区|1|52.01|33|0|1|0|0|0|0|1|0|1|0|92.0
郑州|高新区|5|68.34|33|0|0|1|0|0|1|0|0|1|0|87.0
郑州|高新区|4|72.81|6|0|0|1|0|0|1|0|0|0|1|200.0
郑州|高新区|4|40.79|20|0|1|0|0|0|0|1|0|1|0|65.0
郑州|高新区|5|67.91|33|0|0|1|0|0|1|0|0|1|0|92.0
郑州|高新区|4|87.39|33|0|0|1|0|0|0|1|0|1|0|119.0
郑州|高新区|4|89.83|28|0|0|1|0|0|0|1|0|0|1|117.0
郑州|高新区|5|89.83|33|0|0|1|0|0|1|0|0|1|0|120.0
郑州|高新区|5|89.54|34|0|0|1|0|0|0|1|0|0|1|130.0
郑州|高新区|5|72.96|32|0|1|0|0|0|1|0|0|1|0|105.0
郑州|高新区|5|47.95|20|0|1|0|0|0|1|0|0|1|0|78.0
郑州|高新区|7|89.76|34|0|0|1|0|0|1|0|0|0|1|120.0
郑州|高新区|4|89.83|28|0|0|1|0|0|1|0|0|0|1|125.0
郑州|高新区|4|71.84|18|0|0|1|0|0|1|0|0|0|1|102.0
郑州|高新区|4|85.08|27|0|0|1|0|0|0|1|0|0|1|116.0
郑州|高新区|5|97.41|11|0|0|1|0|0|1|0|0|1|0|110.0
郑州|高新区|5|77.28|34|0|0|1|0|0|0|1|0|0|1|105.0
郑州|高新区|4|37.74|20|0|1|0|0|0|0|1|0|1|0|63.0
郑州|高新区|5|73.43|18|0|0|1|0|0|1|0|0|0|1|122.0
郑州|高新区|7|73.43|33|0|0|1|0|0|0|1|0|1|0|190.0
郑州|高新区|4|76.61|34|0|0|1|0|0|0|1|0|1|0|105.0
郑州|高新区|5|83.65|33|0|0|1|0|0|1|0|0|0|1|118.0
郑州|高新区|4|37.83|20|0|0|1|0|0|1|0|0|1|0|63.0
郑州|高新区|5|76.38|34|0|0|1|0|0|0|1|0|0|1|102.0
郑州|高新区|5|100.93|17|0|0|1|0|0|1|0|0|0|1|112.0
郑州|高新区|7|100.93|18|0|0|1|0|0|0|1|0|0|1|149.0
郑州|高新区|5|77.23|34|0|0|1|0|0|0|1|0|0|1|110.0
郑州|高新区|4|40.29|20|0|0|1|0|0|0|1|0|1|0|70.0
郑州|高新区|4|77.43|34|0|0|1|0|0|0|1|0|0|1|106.0
郑州|高新区|5|85.77|32|0|0|1|0|0|1|0|0|0|1|104.0
郑州|高新区|5|77.44|34|0|0|1|0|0|0|1|0|0|1|105.0
郑州|高新区|4|47.92|20|0|1|0|0|0|1|0|0|1|0|75.0
郑州|高新区|5|83.75|11|0|0|1|0|0|1|0|0|0|1|107.0
郑州|高新区|7|83.75|34|0|0|1|0|0|0|1|0|0|1|125.0
郑州|高新区|4|83.85|7|0|0|1|0|0|0|1|0|0|1|98.0
郑州|高新区|4|60.39|16|0|1|0|0|0|0|1|0|0|1|95.0
郑州|高新区|4|76.93|6|0|0|1|0|0|0|1|0|0|1|89.0
郑州|高新区|5|100.06|11|0|0|1|0|0|1|0|0|1|0|115.0
郑州|高新区|7|177.16|7|0|0|1|0|0|1|0|0|0|1|263.0
郑州|高新区|4|54.72|4|0|0|1|0|0|1|0|0|0|1|50.0
郑州|高新区|5|100.06|11|0|0|1|0|0|1|0|0|1|0|115.0
郑州|高新区|4|76.93|6|0|0|1|0|0|0|1|0|0|1|89.0
郑州|高新区|7|76.93|33|0|0|1|0|0|0|1|0|0|1|105.0
郑州|高新区|7|87.09|11|0|0|1|0|0|0|1|0|0|1|133.0
郑州|高新区|4|60.39|16|0|0|1|0|0|1|0|0|0|1|81.0
郑州|高新区|5|91.11|15|0|0|1|0|0|0|1|0|1|0|120.0
郑州|高新区|9|91.11|16|0|0|1|0|0|1|0|0|0|1|183.0
郑州|高新区|5|74.43|26|0|0|1|0|0|1|0|0|0|1|119.0
郑州|高新区|4|77.25|34|0|0|1|0|0|0|1|0|0|1|92.0
郑州|高新区|5|87.72|7|0|0|1|0|0|0|1|1|0|0|78.0
郑州|高新区|5|87.72|17|0|0|1|0|0|1|0|1|0|0|128.0
郑州|高新区|4|68.29|33|0|1|0|0|0|0|1|0|1|0|89.0
郑州|高新区|5|86.68|26|0|0|1|0|0|0|1|0|0|1|1308.0
郑州|高新区|4|77.28|34|0|0|1|0|0|1|0|0|0|1|102.0
郑州|高新区|5|109.15|17|0|0|1|0|0|1|0|0|0|1|120.0
郑州|高新区|4|94.15|6|0|0|1|0|0|1|0|0|0|1|110.0
郑州|高新区|4|94.15|6|0|0|1|0|0|1|0|0|0|1|106.0
郑州|高新区|1|37.77|20|0|1|0|0|0|0|1|0|1|0|65.0
郑州|高新区|7|55.62|20|0|0|1|0|0|0|1|0|1|0|85.0
郑州|高新区|4|37.85|20|0|0|1|0|0|1|0|0|1|0|68.0
郑州|高新区|7|118.92|34|0|0|1|0|0|1|0|0|0|1|140.0
郑州|高新区|5|97.33|16|0|0|1|0|0|1|0|0|1|0|120.0
郑州|高新区|4|68.89|33|0|1|0|0|0|0|1|0|1|0|85.0
郑州|高新区|5|68.89|15|0|0|1|0|0|0|1|0|0|1|110.0
郑州|高新区|7|68.89|17|0|0|1|0|0|0|1|0|0|1|138.0
郑州|高新区|6|78.92|34|0|0|1|0|0|1|0|0|1|0|120.0
郑州|高新区|4|78.92|33|0|1|0|0|0|1|0|0|1|0|85.0
郑州|高新区|4|78.92|25|0|0|1|0|0|1|0|0|0|1|107.0
郑州|高新区|5|83.65|33|0|0|1|0|0|0|1|0|0|1|125.0
郑州|高新区|5|83.65|33|0|1|0|0|0|1|0|0|1|0|90.0
郑州|高新区|5|93.02|16|0|0|1|0|0|1|0|0|1|0|125.0
郑州|高新区|4|67.91|33|0|0|1|0|0|0|1|0|1|0|95.0
郑州|高新区|4|74.97|23|0|0|1|0|0|1|0|0|0|1|93.0
郑州|高新区|7|74.97|17|0|0|1|0|0|0|1|0|0|1|138.0
郑州|高新区|4|74.97|6|0|0|1|0|0|1|0|0|0|1|62.0
郑州|高新区|4|91.59|34|1|0|0|0|0|0|1|0|1|0|123.0
郑州|高新区|7|38.27|20|0|1|0|0|0|0|1|0|1|0|65.0
郑州|高新区|6|78.92|34|0|0|1|0|0|1|0|0|1|0|120.0
郑州|高新区|7|98.75|11|0|0|1|0|0|0|1|0|1|0|150.0
郑州|高新区|4|93.09|11|0|1|0|0|0|0|1|0|0|1|113.0
郑州|高新区|4|93.09|25|0|0|1|0|0|1|0|0|0|1|107.0
郑州|高新区|5|83.65|33|0|0|1|0|0|0|1|0|0|1|125.0
郑州|高新区|5|83.65|33|0|1|0|0|0|1|0|0|1|0|90.0
郑州|高新区|4|83.65|33|0|1|0|0|0|1|0|0|1|0|85.0
郑州|高新区|1|49.52|18|0|1|0|0|0|1|0|0|1|0|70.0
郑州|高新区|7|107.63|6|0|0|1|0|0|1|0|0|1|0|141.0
郑州|高新区|1|37.77|20|0|1|0|0|0|0|1|0|1|0|63.0
郑州|高新区|4|68.66|33|0|1|0|0|0|1|0|0|1|0|88.0
郑州|高新区|7|68.66|18|0|0|1|0|1|0|0|0|1|0|161.0
郑州|高新区|6|89.17|11|0|0|1|0|0|1|0|0|1|0|142.0
郑州|高新区|6|88.21|34|0|0|1|0|0|0|1|1|0|0|138.0
郑州|高新区|5|88.21|34|0|0|1|0|0|1|0|0|1|0|95.0
郑州|高新区|5|73.82|6|0|0|1|0|0|1|0|1|0|0|798.0
郑州|高新区|4|71.54|18|1|0|0|0|0|1|0|0|0|1|97.0
郑州|高新区|6|99.52|15|0|0|1|0|0|0|1|0|0|1|140.0
郑州|高新区|5|87.39|33|0|0|1|0|0|0|1|0|1|0|118.0
郑州|高新区|5|78.49|34|0|0|1|0|0|1|0|0|0|1|160.0
郑州|高新区|5|89.89|15|0|0|1|0|0|1|0|0|0|1|125.0
郑州|高新区|4|83.85|7|0|0|1|0|0|1|0|0|0|1|85.0
郑州|高新区|5|83.85|33|0|1|0|0|0|0|1|0|1|0|86.0
郑州|高新区|5|78.49|34|0|0|1|0|0|1|0|0|0|1|160.0
郑州|高新区|5|78.49|33|0|1|0|0|0|0|1|0|1|0|86.0
郑州|高新区|4|83.85|7|0|0|1|0|0|1|0|0|0|1|85.0
郑州|高新区|7|88.64|34|0|0|1|0|0|0|1|0|1|0|120.0
郑州|高新区|4|66.81|33|0|0|1|0|0|1|0|0|1|0|115.0
郑州|高新区|6|84.47|34|0|0|1|0|0|1|0|1|0|0|116.0
郑州|高新区|7|121.69|11|0|0|1|0|0|0|1|0|1|0|163.0
郑州|高新区|7|88.64|34|0|0|1|0|0|0|1|0|0|1|125.0
郑州|高新区|4|76.61|34|0|0|1|0|0|1|0|0|1|0|105.0
郑州|高新区|4|70.81|6|0|0|1|0|0|1|0|0|0|1|77.0
郑州|高新区|4|77.25|34|0|0|1|0|0|1|0|0|0|1|102.0
郑州|高新区|6|77.25|33|0|0|1|0|0|0|1|0|0|1|110.0
郑州|高新区|7|107.66|33|0|0|1|0|0|1|0|0|0|1|149.0
郑州|高新区|7|107.66|34|0|0|1|0|0|0|1|0|1|0|177.0
郑州|高新区|4|88.88|15|0|0|1|0|0|0|1|0|1|0|110.0
郑州|高新区|7|88.88|34|0|0|1|0|0|0|1|0|1|0|125.0
郑州|高新区|5|58.23|23|0|0|1|0|0|1|0|1|0|0|95.0
郑州|高新区|5|74.76|13|0|0|1|0|0|1|0|0|0|1|76.0
郑州|高新区|7|116.95|34|0|0|1|0|0|0|1|0|1|0|152.0
郑州|高新区|4|51.91|33|0|0|1|0|0|1|0|0|1|0|69.0
郑州|高新区|5|73.43|18|0|0|1|0|0|0|1|0|0|1|115.0
郑州|高新区|5|89.94|28|0|0|1|0|0|1|0|0|0|1|117.0
郑州|高新区|1|73.55|23|0|0|1|0|0|1|0|1|0|0|78.0
郑州|高新区|7|88.63|28|0|0|1|0|0|0|1|0|1|0|125.0
郑州|高新区|4|77.25|34|0|0|1|0|0|0|1|0|0|1|105.0
郑州|高新区|4|68.77|33|0|0|1|0|0|1|0|0|1|0|108.0
郑州|高新区|5|90.92|6|0|0|1|0|0|0|1|0|0|1|115.0
郑州|高新区|4|90.92|32|0|0|1|0|0|0|1|0|1|0|96.0
郑州|高新区|7|86.84|17|0|0|1|0|0|1|0|0|0|1|1319.0
郑州|高新区|7|48.53|20|0|0|1|0|0|1|0|0|1|0|73.0
郑州|高新区|1|73.55|23|0|0|1|0|0|1|0|1|0|0|78.0
郑州|高新区|4|51.91|33|0|0|1|0|0|1|0|0|1|0|69.0
郑州|高新区|5|73.43|18|0|0|1|0|0|0|1|0|0|1|115.0
郑州|高新区|7|116.95|34|0|0|1|0|0|0|1|0|1|0|152.0
郑州|高新区|5|89.94|28|0|0|1|0|0|1|0|0|0|1|117.0
郑州|高新区|5|58.23|23|0|0|1|0|0|1|0|1|0|0|95.0
郑州|高新区|4|77.25|34|0|0|1|0|0|0|1|0|0|1|105.0
郑州|高新区|7|89.72|34|0|0|1|0|1|0|0|0|0|1|138.0
郑州|高新区|1|51.66|33|0|0|1|0|0|0|1|0|1|0|70.0
郑州|高新区|5|97.09|16|0|0|0|1|0|1|0|0|1|0|126.0
郑州|高新区|4|63.96|15|0|0|1|0|0|1|0|0|0|1|90.0
郑州|高新区|4|93.75|6|0|0|1|0|0|1|0|0|0|1|115.0
郑州|高新区|7|48.53|20|0|0|1|0|0|1|0|0|1|0|73.0
郑州|高新区|4|68.77|33|0|0|1|0|0|1|0|0|1|0|108.0
郑州|高新区|7|68.77|6|0|0|1|0|0|1|0|0|0|1|140.0
郑州|高新区|7|68.77|11|0|0|1|0|0|1|0|0|0|1|160.0
郑州|高新区|5|90.92|6|0|0|1|0|0|0|1|0|0|1|115.0
郑州|高新区|4|90.92|32|0|0|1|0|0|0|1|0|1|0|96.0
郑州|高新区|6|86.28|34|0|0|1|0|0|1|0|0|0|1|135.0
郑州|高新区|4|87.99|11|0|0|1|0|0|0|1|0|0|1|102.0
郑州|高新区|7|128.72|6|0|0|1|0|0|1|0|0|0|1|127.0
郑州|高新区|4|86.24|33|0|0|1|0|0|0|1|0|1|0|130.0
郑州|高新区|6|86.84|17|0|0|1|0|0|0|1|0|0|1|135.0
郑州|高新区|7|114.27|7|0|0|1|0|0|1|0|0|0|1|190.0
郑州|高新区|5|89.05|6|0|0|1|0|0|0|1|0|1|0|92.0
郑州|高新区|4|87.75|31|0|0|1|0|0|1|0|0|0|1|126.0
郑州|高新区|4|38.79|33|0|0|1|0|0|1|0|0|0|1|39.0
郑州|高新区|7|126.33|6|0|0|1|0|0|0|1|0|0|1|140.0
郑州|高新区|5|84.07|5|0|0|1|0|0|1|0|0|0|1|108.0
郑州|高新区|5|97.93|11|0|0|1|0|0|1|0|0|0|1|125.0
郑州|高新区|6|89.85|34|0|0|1|0|0|1|0|0|0|1|135.0
郑州|高新区|7|91.79|33|0|0|1|0|0|1|0|0|0|1|170.0
郑州|高新区|7|88.11|33|0|0|1|0|1|0|0|0|0|1|178.0
郑州|高新区|5|77.47|26|0|0|1|0|0|0|1|0|0|1|102.0
郑州|高新区|1|73.55|23|0|0|1|0|0|0|1|1|0|0|83.0
郑州|高新区|6|88.32|34|0|0|1|0|0|0|1|0|0|1|130.0
郑州|高新区|7|91.76|33|0|0|1|0|0|1|0|0|0|1|165.0
郑州|高新区|5|86.45|18|0|0|1|0|0|1|0|0|1|0|125.0
郑州|高新区|4|61.73|23|0|0|1|0|0|1|0|0|0|1|80.0
郑州|高新区|7|61.73|24|0|0|1|0|0|0|1|0|0|1|178.0
郑州|高新区|4|101.37|17|0|0|1|0|0|0|1|1|0|0|103.0
郑州|高新区|7|93.05|11|0|0|1|0|0|1|0|0|0|1|128.0
郑州|高新区|4|76.54|34|0|0|1|0|0|0|1|0|1|0|106.0
郑州|高新区|7|91.08|18|0|0|1|0|0|0|1|0|1|0|130.0
郑州|高新区|6|88.43|34|0|0|1|0|0|0|1|0|0|1|137.0
郑州|高新区|7|89.53|33|0|0|1|0|0|0|1|0|0|1|127.0
郑州|高新区|4|77.28|34|0|0|1|0|0|1|0|0|0|1|100.0
郑州|高新区|7|77.28|34|0|0|1|0|0|1|0|0|0|1|222.0
郑州|高新区|7|114.76|34|0|0|1|0|0|1|0|0|1|0|150.0
郑州|高新区|5|86.24|33|0|0|1|0|1|0|0|0|1|0|110.0
郑州|高新区|4|61.73|23|1|0|0|0|0|0|1|0|0|1|88.0
郑州|高新区|7|89.38|34|0|0|1|0|0|1|0|0|0|1|128.0
郑州|高新区|4|77.25|34|0|0|1|0|0|0|1|0|0|1|100.0
郑州|高新区|4|67.71|33|0|1|0|0|0|0|1|0|1|0|87.0
郑州|高新区|1|51.95|33|0|1|0|0|0|1|0|0|1|0|74.0
郑州|高新区|4|78.33|34|0|0|1|0|0|1|0|0|0|1|98.0
郑州|高新区|7|144.34|34|0|0|1|0|0|0|1|0|1|0|180.0
郑州|高新区|7|127.63|34|0|0|1|0|0|0|1|0|0|1|225.0
郑州|高新区|5|68.71|6|0|0|1|0|0|1|0|0|0|1|62.0
郑州|高新区|7|93.47|11|0|0|1|0|0|0|1|0|0|1|145.0
郑州|高新区|4|92.98|6|0|0|1|0|0|1|0|0|0|1|100.0
郑州|高新区|5|89.76|33|0|0|1|0|0|1|0|0|1|0|118.0
郑州|高新区|4|77.28|34|0|0|1|0|0|0|1|0|0|1|105.0
郑州|高新区|7|89.63|33|0|0|1|0|0|0|1|0|1|0|123.0
郑州|高新区|4|87.01|7|0|0|1|0|0|1|0|0|0|1|82.0
郑州|高新区|4|78.35|34|0|0|1|0|0|0|1|0|0|1|99.0
郑州|高新区|8|87.92|33|0|0|1|0|1|0|0|0|1|0|242.0
郑州|高新区|5|88.83|34|0|0|1|0|0|1|0|0|0|1|120.0
郑州|高新区|5|93.75|6|0|0|1|0|0|1|0|0|0|1|105.0
郑州|高新区|5|73.07|6|1|0|0|0|0|0|1|0|0|1|128.0
郑州|高新区|5|91.42|6|0|0|1|0|0|1|0|0|0|1|88.0
郑州|高新区|7|88.61|35|0|0|1|0|0|0|1|0|0|1|112.0
郑州|高新区|4|90.98|13|0|0|1|0|0|1|0|0|1|0|120.0
郑州|高新区|4|74.97|23|0|0|1|0|0|1|0|0|0|1|94.0
郑州|高新区|7|85.87|34|0|0|1|0|0|0|1|0|0|1|136.0
郑州|高新区|5|89.83|18|0|0|1|0|0|0|1|1|0|0|116.0
郑州|高新区|5|92.98|6|0|0|1|0|0|0|1|0|0|1|106.0
郑州|高新区|4|77.25|34|0|0|1|0|0|1|0|0|0|1|103.0
郑州|高新区|7|146.56|6|0|0|1|0|0|0|1|0|0|1|146.0
郑州|高新区|7|108.64|6|0|0|1|0|0|1|0|0|0|1|114.0
郑州|高新区|5|108.64|34|0|0|1|0|0|0|1|0|0|1|120.0
郑州|高新区|6|89.71|30|0|0|1|0|0|0|1|1|0|0|123.0
郑州|高新区|7|143.24|33|0|0|1|0|0|1|0|0|0|1|263.0
郑州|高新区|6|92.42|32|0|0|1|0|0|1|0|0|1|0|130.0
郑州|高新区|5|88.68|28|0|0|1|0|0|0|1|1|0|0|118.0
郑州|高新区|4|81.61|33|1|0|0|0|0|0|1|0|0|1|117.0
郑州|高新区|5|91.17|28|0|0|1|0|0|1|0|0|1|0|113.0
郑州|高新区|5|89.38|6|0|0|1|0|0|1|0|0|0|1|119.0
郑州|高新区|4|68.36|27|0|0|1|0|0|0|1|0|0|1|82.0
郑州|高新区|5|93.56|11|0|0|1|0|0|0|1|0|0|1|125.0
郑州|高新区|6|92.42|32|0|0|1|0|0|1|0|0|1|0|130.0
郑州|高新区|7|143.24|33|0|0|1|0|0|1|0|0|0|1|263.0
郑州|高新区|5|88.68|28|0|0|1|0|0|0|1|1|0|0|118.0
郑州|高新区|4|77.25|34|0|0|1|0|0|1|0|0|0|1|103.0
郑州|高新区|4|90.98|13|0|0|1|0|0|1|0|0|1|0|120.0
郑州|高新区|7|88.61|35|0|0|1|0|0|0|1|0|0|1|112.0
郑州|高新区|5|89.83|18|0|0|1|0|0|0|1|1|0|0|116.0
郑州|高新区|5|92.98|6|0|0|1|0|0|0|1|0|0|1|106.0
郑州|高新区|7|85.87|34|0|0|1|0|0|0|1|0|0|1|136.0
郑州|高新区|4|74.97|23|0|0|1|0|0|1|0|0|0|1|94.0
郑州|高新区|5|91.42|6|0|0|1|0|0|1|0|0|0|1|88.0
郑州|高新区|5|73.07|6|1|0|0|0|0|0|1|0|0|1|128.0
郑州|高新区|4|78.35|34|0|0|1|0|0|0|1|0|0|1|99.0
郑州|高新区|7|146.56|6|0|0|1|0|0|0|1|0|0|1|146.0
郑州|高新区|5|91.17|28|0|0|1|0|0|1|0|0|1|0|113.0
郑州|高新区|4|81.61|33|1|0|0|0|0|0|1|0|0|1|117.0
郑州|高新区|7|81.61|33|0|0|1|0|0|1|0|0|0|1|166.0
郑州|高新区|5|77.89|34|0|0|1|0|0|0|1|0|1|0|106.0
郑州|高新区|5|69.08|32|0|1|0|0|0|0|1|0|1|0|895.0
郑州|高新区|7|69.08|7|0|0|1|0|0|1|0|0|0|1|115.0
郑州|高新区|4|62.42|11|0|0|1|0|0|1|0|0|0|1|93.0
郑州|高新区|4|73.55|23|0|0|1|0|0|1|0|1|0|0|89.0
郑州|高新区|5|88.69|34|0|0|1|0|0|0|1|0|0|1|145.0
郑州|高新区|5|102.93|6|0|0|1|0|0|1|0|0|0|1|160.0
郑州|高新区|4|59.87|34|0|0|1|0|0|0|1|0|0|1|698.0
郑州|高新区|7|59.87|6|0|0|1|0|0|1|0|0|0|1|100.0
郑州|高新区|1|47.58|18|0|0|1|0|0|0|1|0|1|0|75.0
郑州|高新区|7|110.89|18|0|0|1|0|0|0|1|0|0|1|140.0
郑州|高新区|5|77.78|34|0|1|0|0|0|0|1|0|0|1|96.0
郑州|高新区|5|85.38|15|0|0|1|0|0|1|0|0|0|1|110.0
郑州|高新区|7|105.62|33|0|0|1|0|0|1|0|0|0|1|135.0
郑州|高新区|5|77.78|34|0|1|0|0|0|0|1|0|0|1|96.0
郑州|高新区|5|93.58|6|0|0|1|0|0|0|1|0|0|1|114.0
郑州|高新区|5|93.58|6|0|0|1|0|0|1|0|0|0|1|83.0
郑州|高新区|6|89.89|15|0|0|1|0|0|0|1|0|0|1|118.0
郑州|高新区|6|89.89|11|0|0|1|0|0|0|1|0|1|0|160.0
郑州|高新区|6|49.91|20|0|0|1|0|0|0|1|0|1|0|73.0
郑州|高新区|5|87.49|28|0|0|1|0|0|0|1|0|0|1|122.0
郑州|高新区|5|85.38|15|0|0|1|0|0|1|0|0|0|1|110.0
郑州|高新区|4|49.88|20|0|0|1|0|0|1|0|0|1|0|83.0
郑州|高新区|1|57.88|23|0|0|1|0|0|0|1|1|0|0|75.0
郑州|高新区|5|94.69|6|0|0|1|0|0|1|0|0|0|1|118.0
郑州|高新区|7|129.18|7|0|0|1|0|0|1|0|0|0|1|138.0
郑州|高新区|4|88.48|26|0|0|1|0|0|1|0|0|0|1|128.0
郑州|高新区|1|47.58|18|0|1|0|0|0|1|0|0|1|0|69.0
郑州|高新区|4|61.37|23|0|0|1|0|0|1|0|1|0|0|78.0
郑州|高新区|5|93.28|16|0|0|1|0|0|0|1|0|0|1|115.0
郑州|高新区|5|91.17|28|0|0|1|0|0|0|1|0|1|0|114.0
郑州|高新区|6|90.59|6|0|1|0|0|0|1|0|0|0|1|130.0
郑州|高新区|4|35.74|9|0|0|0|1|0|1|0|0|0|1|60.0
郑州|高新区|7|87.72|7|0|0|1|0|0|1|0|0|0|1|805.0
郑州|高新区|5|89.41|33|0|0|0|1|0|0|1|0|1|0|130.0
郑州|高新区|5|93.58|6|0|0|1|0|0|1|0|0|0|1|120.0
郑州|高新区|7|86.22|33|0|0|1|0|0|1|0|0|0|1|1135.0
郑州|高新区|4|71.14|34|0|0|1|0|0|0|1|0|0|1|105.0
郑州|高新区|7|89.95|34|0|0|1|0|0|0|1|0|0|1|127.0
郑州|高新区|7|88.27|33|0|0|1|0|0|0|1|0|1|0|120.0
郑州|高新区|7|119.26|14|0|0|1|0|0|1|0|0|0|1|160.0
郑州|高新区|4|89.94|18|0|0|1|0|0|0|1|0|1|0|116.0
郑州|高新区|7|85.79|6|0|0|1|0|0|1|0|0|0|1|90.0
郑州|高新区|1|46.33|33|0|0|1|0|0|0|1|0|1|0|75.0
郑州|高新区|5|89.95|28|0|0|1|0|0|1|0|0|0|1|115.0
郑州|高新区|4|88.48|26|0|0|1|0|0|1|0|0|0|1|128.0
郑州|高新区|5|76.54|34|0|0|1|0|0|1|0|0|1|0|115.0
郑州|高新区|7|118.67|7|0|0|1|0|0|1|0|0|0|1|223.0
郑州|高新区|5|93.28|16|0|0|1|0|0|0|1|0|0|1|116.0
郑州|高新区|7|93.28|26|0|0|0|1|0|0|1|1|0|0|210.0
郑州|高新区|7|93.28|18|0|0|1|0|0|1|0|1|0|0|1248.0
郑州|高新区|7|88.28|34|0|0|1|0|0|1|0|1|0|0|129.0
郑州|高新区|7|89.65|34|0|0|1|0|0|0|1|0|1|0|124.0
郑州|高新区|6|48.37|20|0|0|1|0|0|0|1|0|1|0|75.0
郑州|高新区|5|83.66|34|0|0|1|0|0|1|0|0|1|0|110.0
郑州|高新区|7|88.03|11|0|0|1|0|0|0|1|0|0|1|119.0
郑州|高新区|7|89.29|34|0|0|1|0|0|0|1|0|1|0|135.0
郑州|高新区|4|89.83|28|0|0|1|0|0|1|0|1|0|0|115.0
郑州|高新区|4|37.74|20|0|1|0|0|0|0|1|0|1|0|65.0
郑州|高新区|6|88.41|34|0|0|1|0|0|0|1|0|0|1|130.0
郑州|高新区|7|134.63|7|0|0|1|0|0|0|1|0|0|1|154.0
郑州|高新区|1|47.58|18|0|1|0|0|0|1|0|0|1|0|69.0
郑州|高新区|4|61.37|23|0|0|1|0|0|1|0|1|0|0|78.0
郑州|高新区|7|86.22|33|0|0|1|0|0|1|0|0|0|1|1135.0
郑州|高新区|7|89.95|34|0|0|1|0|0|0|1|0|0|1|127.0
郑州|高新区|4|71.14|34|0|0|1|0|0|0|1|0|0|1|105.0
郑州|高新区|5|93.28|16|0|0|1|0|0|0|1|0|0|1|115.0
郑州|高新区|7|88.27|33|0|0|1|0|0|0|1|0|1|0|120.0
郑州|高新区|5|93.58|6|0|0|1|0|0|1|0|0|0|1|120.0
郑州|高新区|4|35.74|9|0|0|0|1|0|1|0|0|0|1|60.0
郑州|高新区|7|87.72|7|0|0|1|0|0|1|0|0|0|1|805.0
郑州|高新区|5|89.41|33|0|0|0|1|0|0|1|0|1|0|130.0
郑州|高新区|6|90.59|6|0|1|0|0|0|1|0|0|0|1|130.0
郑州|高新区|4|73.82|6|0|0|1|0|0|1|0|1|0|0|71.0
郑州|高新区|6|106.55|18|0|0|1|0|0|0|1|1|0|0|132.0
郑州|高新区|4|71.84|18|0|0|1|0|0|0|1|0|0|1|98.0
郑州|高新区|6|71.84|34|0|0|1|0|0|1|0|0|0|1|165.0
郑州|高新区|4|89.59|15|0|0|1|0|0|1|0|0|0|1|115.0
郑州|高新区|7|89.59|26|0|0|0|1|0|0|1|1|0|0|210.0
郑州|高新区|4|89.59|20|0|0|1|0|0|1|0|0|1|0|61.0
郑州|高新区|7|124.18|6|0|0|1|0|0|1|0|0|0|1|149.0
郑州|高新区|7|124.18|18|0|0|1|0|0|1|0|1|0|0|1248.0
郑州|高新区|5|89.64|11|0|0|1|0|0|0|1|0|0|1|129.0
郑州|高新区|1|46.33|33|0|0|1|0|0|0|1|0|1|0|75.0
郑州|高新区|5|89.95|28|0|0|1|0|0|1|0|0|0|1|115.0
郑州|高新区|6|92.91|33|0|0|1|0|0|0|1|0|1|0|138.0
郑州|高新区|7|89.73|34|0|0|1|0|0|1|0|0|0|1|112.0
郑州|高新区|6|110.36|18|0|0|1|0|0|0|1|0|0|1|149.0
郑州|高新区|7|145.02|27|0|0|1|0|0|0|1|0|0|1|225.0
郑州|高新区|7|134.63|7|0|0|1|0|0|0|1|0|0|1|154.0
郑州|高新区|7|89.29|34|0|0|1|0|0|0|1|0|1|0|135.0
郑州|高新区|6|88.61|34|0|0|0|1|0|0|1|0|1|0|120.0
郑州|高新区|7|88.03|11|0|0|1|0|0|0|1|0|0|1|119.0
郑州|高新区|7|86.77|17|0|0|1|0|0|0|1|0|0|1|138.0
郑州|高新区|7|101.09|6|0|0|1|0|0|0|1|0|0|1|170.0
郑州|高新区|4|89.83|28|0|0|1|0|0|1|0|1|0|0|115.0
郑州|高新区|7|88.28|34|0|0|1|0|0|1|0|1|0|0|129.0
郑州|高新区|7|89.65|34|0|0|1|0|0|0|1|0|1|0|124.0
郑州|高新区|6|89.65|6|0|0|1|0|0|1|0|0|0|1|90.0
郑州|高新区|6|88.41|34|0|0|1|0|0|0|1|0|0|1|130.0
郑州|高新区|6|48.37|20|0|0|1|0|0|0|1|0|1|0|75.0
郑州|高新区|7|110.85|17|0|0|1|0|0|1|0|0|1|0|127.0
郑州|高新区|5|89.47|6|0|0|1|0|0|0|1|0|0|1|108.0
郑州|高新区|5|90.54|11|0|0|1|0|1|0|0|0|1|0|102.0
郑州|高新区|5|83.66|34|0|0|1|0|0|1|0|0|1|0|110.0
郑州|高新区|4|78.77|18|0|0|1|0|0|0|1|0|1|0|100.0
郑州|高新区|7|126.56|34|0|0|1|0|0|0|1|0|1|0|150.0
郑州|高新区|7|118.67|7|0|0|1|0|0|1|0|0|0|1|223.0
郑州|高新区|5|93.28|16|0|0|1|0|0|0|1|0|0|1|116.0
郑州|高新区|6|92.42|33|0|0|1|0|0|1|0|0|1|0|110.0
郑州|高新区|7|109.16|15|0|0|1|0|0|1|0|0|0|1|67.0
郑州|高新区|7|90.38|26|0|0|1|0|0|0|1|0|0|1|120.0
郑州|高新区|4|78.71|16|0|0|1|0|0|1|0|0|0|1|94.0
郑州|高新区|4|78.71|26|0|0|1|0|0|1|0|0|0|1|99.0
郑州|高新区|7|114.04|6|0|0|1|0|0|1|0|0|0|1|145.0
郑州|高新区|7|114.04|18|0|0|1|0|0|1|0|1|0|0|121.0
郑州|高新区|5|78.77|18|0|0|1|0|0|1|0|0|1|0|105.0
郑州|高新区|5|86.55|26|0|0|1|0|0|0|1|1|0|0|108.0
郑州|高新区|7|90.65|32|0|0|1|0|0|1|0|0|1|0|126.0
郑州|高新区|5|72.42|34|0|0|1|0|0|0|1|0|1|0|96.0
郑州|高新区|5|72.39|34|0|0|1|0|0|1|0|0|1|0|88.0
郑州|高新区|7|120.35|18|0|0|1|0|0|0|1|1|0|0|145.0
郑州|高新区|5|85.99|16|0|0|1|0|0|1|0|0|0|1|95.0
郑州|高新区|6|108.79|26|0|0|1|0|1|0|0|1|0|0|120.0
郑州|高新区|6|108.79|33|0|0|1|0|0|0|1|0|0|1|146.0
郑州|高新区|6|84.23|26|0|0|1|0|0|1|0|0|0|1|117.0
郑州|高新区|5|89.94|28|0|0|1|0|0|0|1|0|0|1|117.0
郑州|高新区|9|89.94|6|0|0|1|0|0|1|0|0|0|1|208.0
郑州|高新区|5|85.99|16|0|0|1|0|0|0|1|0|0|1|105.0
郑州|高新区|7|106.73|18|0|0|1|0|0|1|0|1|0|0|122.0
郑州|高新区|4|100.93|17|0|0|1|0|0|1|0|0|0|1|110.0
郑州|高新区|7|97.85|11|0|0|1|0|0|0|1|0|0|1|130.0
郑州|高新区|7|87.22|33|0|0|1|0|0|1|0|0|0|1|123.0
郑州|高新区|7|97.08|25|0|0|1|0|0|0|1|0|0|1|150.0
郑州|高新区|7|88.06|18|0|0|1|0|0|1|0|0|0|1|130.0
郑州|高新区|4|88.06|32|0|0|1|0|0|1|0|0|1|0|95.0
郑州|高新区|7|111.94|18|0|0|1|0|0|0|1|0|1|0|120.0
郑州|高新区|5|95.21|16|0|0|1|0|0|0|1|0|0|1|116.0
郑州|高新区|4|58.68|6|0|0|1|0|0|1|0|0|0|1|66.0
郑州|高新区|5|87.72|7|0|0|1|0|0|1|0|0|0|1|78.0
郑州|高新区|6|88.71|17|0|0|1|0|0|0|1|0|0|1|133.0
郑州|高新区|7|90.18|27|0|0|1|0|0|0|1|0|0|1|122.0
郑州|高新区|5|86.53|33|0|0|1|0|0|0|1|0|1|0|115.0
郑州|高新区|6|87.28|34|0|0|1|0|0|0|1|0|0|1|150.0
郑州|高新区|7|108.64|6|0|0|1|0|0|1|0|1|0|0|138.0
郑州|高新区|4|108.64|20|0|0|1|0|0|1|0|0|1|0|68.0
郑州|高新区|7|88.32|34|0|0|1|0|0|0|1|0|1|0|1238.0
郑州|高新区|6|88.32|24|0|0|1|0|0|1|0|0|0|1|117.0
郑州|高新区|4|88.32|6|0|0|1|0|0|0|1|0|0|1|77.0
郑州|高新区|4|62.42|11|0|0|1|0|0|1|0|0|0|1|90.0
郑州|高新区|6|88.53|18|0|0|1|0|0|1|0|0|0|1|123.0
郑州|高新区|6|89.26|34|0|0|1|0|0|0|1|0|0|1|126.0
郑州|高新区|5|87.99|6|0|0|1|0|0|1|0|0|1|0|126.0
郑州|高新区|4|90.46|34|0|0|1|0|0|0|1|0|0|1|112.0
郑州|高新区|7|90.46|5|0|0|1|0|0|0|1|0|0|1|72.0
郑州|高新区|7|131.07|27|0|0|1|0|0|0|1|0|0|1|186.0
郑州|高新区|7|108.51|18|0|0|1|0|0|1|0|0|1|0|118.0
郑州|高新区|7|126.41|34|0|0|1|0|1|0|0|0|0|1|176.0
郑州|高新区|6|89.17|11|0|0|1|0|0|1|0|0|1|0|142.0
郑州|高新区|6|89.17|34|0|0|1|0|0|1|0|0|0|1|138.0
郑州|高新区|7|103.71|33|0|0|1|0|0|0|1|0|0|1|130.0
郑州|高新区|7|87.92|33|0|0|1|0|0|1|0|0|1|0|157.0
郑州|高新区|7|128.21|34|0|0|1|0|1|0|0|0|0|1|155.0
郑州|高新区|6|82.47|33|0|0|1|0|1|0|0|0|0|1|102.0
郑州|高新区|6|108.15|33|0|0|1|0|1|0|0|0|1|0|1195.0
郑州|高新区|7|124.21|34|0|0|1|0|0|1|0|0|0|1|160.0
郑州|高新区|6|80.96|34|0|0|1|0|0|0|1|0|0|1|130.0
郑州|高新区|7|146.38|24|0|0|1|0|0|1|0|0|0|1|199.0
郑州|高新区|7|111.77|34|0|0|1|0|0|1|0|0|0|1|145.0
郑州|高新区|7|117.37|26|0|0|0|1|0|0|1|0|0|1|171.0
郑州|高新区|8|190.12|6|0|0|0|1|1|0|0|0|0|1|165.0
郑州|高新区|7|88.54|34|0|0|1|0|0|0|1|0|0|1|122.0
郑州|高新区|7|95.91|6|0|0|1|0|0|1|0|0|0|1|125.0
郑州|高新区|7|117.86|33|0|0|1|0|1|0|0|0|0|1|183.0
郑州|高新区|7|126.63|34|0|0|1|0|0|1|0|0|0|1|183.0
郑州|高新区|9|111.23|33|0|0|1|0|0|0|1|0|1|0|214.0
郑州|高新区|7|119.31|34|0|0|1|0|0|0|1|0|1|0|165.0
郑州|高新区|7|117.37|26|0|0|1|0|0|0|1|0|0|1|190.0
郑州|高新区|9|136.42|27|0|0|0|1|1|0|0|0|0|1|179.0
郑州|高新区|7|92.59|32|0|0|1|0|0|0|1|0|1|0|123.0
郑州|高新区|7|108.13|34|0|0|1|0|1|0|0|0|0|1|248.0
郑州|高新区|9|177.71|16|0|0|1|0|0|1|0|0|1|0|249.0
郑州|高新区|7|89.29|18|0|0|1|0|0|0|1|0|1|0|159.0
郑州|高新区|7|89.29|34|0|0|1|0|1|0|0|0|0|1|164.0
郑州|高新区|7|89.29|18|0|0|1|0|0|0|1|0|1|0|121.0
郑州|高新区|7|119.17|33|0|0|1|0|0|0|1|0|0|1|140.0
郑州|高新区|9|129.86|34|0|0|1|0|1|0|0|0|1|0|255.0
郑州|高新区|5|87.23|17|0|0|1|0|0|0|1|0|0|1|132.0
郑州|高新区|0|40.84|23|0|1|0|0|0|1|0|1|0|0|55.0
郑州|高新区|1|48.07|20|0|0|1|0|0|0|1|0|0|1|48.0
郑州|高新区|1|48.07|18|0|0|1|0|0|1|0|0|0|1|75.0
郑州|高新区|0|48.07|20|0|0|1|0|0|0|1|0|0|1|48.0
郑州|高新区|1|32.58|28|0|1|0|0|0|0|1|1|0|0|25.0
郑州|高新区|1|32.58|28|0|1|0|0|0|0|1|1|0|0|25.0
郑州|高新区|4|34.56|19|0|1|0|0|0|0|1|0|1|0|35.0
郑州|高新区|5|68.71|6|0|0|1|0|0|0|1|0|0|1|78.0
郑州|高新区|0|37.71|28|0|0|1|0|0|1|0|1|0|0|30.0
郑州|高新区|5|77.89|34|0|0|1|0|0|0|1|0|1|0|110.0
郑州|高新区|5|68.71|6|0|0|1|0|0|1|0|0|0|1|57.0
郑州|高新区|1|35.85|29|0|0|1|0|0|0|1|0|1|0|36.0
郑州|高新区|1|48.07|20|0|0|1|0|0|0|1|0|0|1|45.0
郑州|高新区|1|56.08|11|0|0|1|0|0|1|0|0|1|0|100.0
郑州|高新区|0|37.71|28|0|0|1|0|0|0|1|1|0|0|33.0
郑州|高新区|1|35.99|28|0|0|1|0|0|1|0|1|0|0|25.0
郑州|高新区|1|57.88|23|0|0|1|0|0|0|1|1|0|0|78.0
郑州|高新区|0|57.88|24|0|0|0|1|0|1|0|0|1|0|57.0
郑州|高新区|0|42.02|13|0|0|1|0|0|1|0|0|0|1|50.0
郑州|高新区|0|36.76|11|0|0|1|0|0|0|1|0|0|1|46.0
郑州|高新区|1|57.25|23|0|0|1|0|0|1|0|1|0|0|73.0
郑州|高新区|1|57.25|28|0|0|1|0|0|1|0|1|0|0|37.0
郑州|高新区|4|50.55|19|0|0|1|0|0|0|1|0|0|1|55.0
郑州|高新区|4|84.02|4|0|0|1|0|0|1|0|0|1|0|80.0
郑州|高新区|1|37.71|28|0|0|1|0|0|1|0|1|0|0|36.0
郑州|高新区|1|51.88|33|0|0|1|0|0|1|0|0|1|0|75.0
郑州|高新区|0|49.86|24|0|0|0|1|0|1|0|0|1|0|62.0
郑州|高新区|4|45.09|20|0|0|1|0|0|1|0|0|0|1|42.0
郑州|高新区|1|35.12|19|0|1|0|0|0|1|0|0|1|0|30.0
郑州|高新区|5|35.12|28|0|0|1|0|0|1|0|1|0|0|118.0
郑州|高新区|0|35.79|18|0|1|0|0|0|1|0|0|1|0|50.0
郑州|高新区|0|42.31|27|0|1|0|0|0|1|0|0|1|0|33.0
郑州|高新区|5|85.08|27|0|0|1|0|0|0|1|0|0|1|116.0
郑州|高新区|4|41.08|15|0|0|1|0|0|1|0|0|0|1|40.0
郑州|高新区|4|61.73|23|1|0|0|0|0|1|0|0|0|1|75.0
郑州|高新区|4|35.74|9|0|0|1|0|0|0|1|0|0|1|628.0
郑州|高新区|4|63.72|30|0|1|0|0|0|1|0|0|1|0|64.0
郑州|高新区|4|61.73|23|1|0|0|0|0|1|0|0|0|1|75.0
郑州|高新区|4|64.81|30|0|0|1|0|0|0|1|1|0|0|55.0
郑州|高新区|0|42.27|9|1|0|0|0|0|0|1|0|0|1|42.0
郑州|高新区|4|42.27|9|0|0|0|1|0|0|1|0|0|1|57.0
郑州|高新区|0|42.27|18|0|0|1|0|0|0|1|0|1|0|42.0
郑州|高新区|4|42.16|21|0|1|0|0|0|0|1|0|0|1|39.0
郑州|高新区|1|63.64|30|0|1|0|0|0|0|1|0|1|0|605.0
郑州|高新区|5|75.79|34|0|0|1|0|0|0|1|0|1|0|625.0
郑州|高新区|4|77.25|34|0|0|1|0|0|0|1|0|0|1|1019.0
郑州|高新区|5|72.42|33|0|0|1|0|0|0|1|0|1|0|89.0
郑州|高新区|0|42.27|9|1|0|0|0|0|0|1|0|0|1|43.0
郑州|高新区|4|49.25|20|0|1|0|0|0|0|1|0|0|1|515.0
郑州|高新区|4|37.65|9|0|0|0|1|0|1|0|0|0|1|58.0
郑州|高新区|5|37.65|15|0|0|1|0|0|1|0|0|0|1|115.0
郑州|高新区|6|77.63|19|0|0|1|0|0|1|0|1|0|0|94.0
郑州|高新区|4|77.63|13|0|0|1|0|0|0|1|0|0|1|50.0
郑州|高新区|7|77.63|33|0|0|1|0|1|0|0|0|1|0|105.0
郑州|高新区|7|115.92|34|0|0|1|0|1|0|0|0|0|1|146.0
郑州|高新区|7|115.92|26|0|0|1|0|0|0|1|0|0|1|220.0
郑州|高新区|7|90.27|34|0|0|1|0|0|1|0|0|1|0|1209.0
郑州|高新区|1|41.21|15|1|0|0|0|0|1|0|0|1|0|385.0
郑州|高新区|7|115.67|33|1|0|0|0|0|1|0|0|1|0|160.0
郑州|高新区|7|111.27|18|0|0|1|0|0|1|0|0|1|0|166.0
郑州|高新区|7|91.56|33|0|0|1|0|0|0|1|0|0|1|140.0
郑州|高新区|7|117.68|33|0|0|1|0|0|0|1|0|0|1|198.0
郑州|高新区|5|81.25|31|0|0|1|0|1|0|0|0|1|0|130.0
郑州|高新区|7|97.08|25|0|0|1|0|0|0|1|0|0|1|155.0
郑州|高新区|7|108.15|33|0|0|1|0|1|0|0|0|1|0|131.0
郑州|高新区|7|108.15|33|0|0|1|0|1|0|0|0|1|0|131.0
郑州|高新区|7|89.48|27|0|0|1|0|0|1|0|0|1|0|78.0
郑州|高新区|7|90.46|34|0|0|1|0|0|0|1|0|1|0|129.0
郑州|高新区|6|119.09|32|0|0|1|0|1|0|0|0|0|1|193.0
郑州|高新区|7|113.44|26|0|0|1|0|0|1|0|0|0|1|167.0
郑州|高新区|7|115.67|33|0|0|1|0|1|0|0|0|1|0|138.0
郑州|高新区|5|89.51|26|0|0|1|0|0|0|1|0|0|1|124.0
郑州|高新区|7|89.51|34|0|0|1|0|0|0|1|0|0|1|105.0
郑州|高新区|7|117.71|34|0|0|1|0|1|0|0|0|0|1|142.0
郑州|高新区|7|91.85|33|0|0|1|0|1|0|0|0|0|1|145.0
郑州|高新区|7|88.11|33|0|0|1|0|1|0|0|0|1|0|110.0
郑州|高新区|5|89.05|6|0|0|1|0|0|1|0|0|1|0|95.0
郑州|高新区|7|108.61|33|0|0|1|0|1|0|0|0|1|0|1398.0
郑州|高新区|9|114.67|17|0|0|1|0|0|0|1|0|0|1|1699.0
郑州|高新区|9|186.13|6|0|0|1|0|0|0|1|0|0|1|179.0
郑州|高新区|7|109.36|34|0|0|1|0|0|1|0|0|0|1|145.0
郑州|高新区|9|131.19|34|0|0|1|0|0|1|0|0|1|0|158.0
郑州|高新区|7|141.02|29|0|0|1|0|0|0|1|0|0|1|239.0
郑州|高新区|7|88.13|33|0|0|1|0|0|0|1|0|0|1|130.0
郑州|高新区|7|88.13|6|0|0|1|0|1|0|0|0|0|1|144.0
郑州|高新区|7|139.95|6|0|0|1|0|0|1|0|0|0|1|145.0
郑州|高新区|7|139.95|21|0|0|1|0|0|0|1|0|0|1|61.0
郑州|高新区|7|89.83|33|0|0|1|0|0|0|1|0|1|0|145.0
郑州|高新区|6|89.78|28|0|0|1|0|0|1|0|0|1|0|1398.0
郑州|高新区|7|88.24|34|0|0|1|0|0|0|1|0|0|1|114.0
郑州|高新区|7|89.98|34|0|0|1|0|0|0|1|0|0|1|175.0
郑州|高新区|6|89.25|24|0|0|1|0|0|0|1|0|0|1|127.0
郑州|高新区|7|118.54|33|0|0|1|0|0|0|1|0|0|1|216.0
郑州|高新区|6|75.73|34|0|0|1|0|0|0|1|0|1|0|63.0
郑州|高新区|9|115.43|34|0|0|1|0|0|1|0|0|0|1|220.0
郑州|高新区|6|88.41|35|0|0|1|0|0|0|1|0|0|1|106.0
郑州|高新区|6|103.44|33|0|0|1|0|0|1|0|0|1|0|123.0
郑州|高新区|7|110.85|17|0|0|1|0|0|0|1|0|1|0|124.0
郑州|高新区|9|212.22|4|0|0|1|0|0|0|1|0|0|1|840.0
郑州|高新区|4|212.22|21|0|0|1|0|0|1|0|0|0|1|42.0
郑州|高新区|7|134.57|6|0|0|1|0|0|1|0|0|0|1|125.0
郑州|高新区|7|134.57|33|0|0|1|0|0|0|1|0|1|0|150.0
郑州|高新区|4|134.57|34|0|0|1|0|0|1|0|0|0|1|174.0
郑州|高新区|9|134.57|8|0|0|1|0|0|0|1|0|0|1|490.0
郑州|高新区|5|134.57|15|0|0|1|0|0|1|0|0|0|1|123.0
郑州|高新区|5|88.43|33|0|0|1|0|0|0|1|0|0|1|122.0
郑州|高新区|5|93.93|33|0|0|1|0|0|1|0|0|1|0|125.0
郑州|高新区|7|89.31|34|0|0|1|0|0|1|0|0|0|1|138.0
郑州|高新区|5|86.36|15|0|0|1|0|0|1|0|0|0|1|111.0
郑州|高新区|6|112.34|26|0|0|1|0|0|1|0|1|0|0|167.0
郑州|高新区|4|68.46|27|0|0|1|0|0|0|1|0|0|1|80.0
郑州|高新区|1|49.62|20|0|0|1|0|0|0|1|0|0|1|40.0
郑州|高新区|1|45.05|28|0|1|0|0|0|1|0|1|0|0|38.0
郑州|高新区|1|45.08|28|0|0|1|0|0|0|1|1|0|0|45.0
郑州|高新区|1|35.74|9|1|0|0|0|0|0|1|0|0|1|53.0
郑州|高新区|4|85.41|11|0|0|1|0|0|1|0|0|1|0|108.0
郑州|高新区|7|48.18|20|0|0|1|0|0|0|1|0|1|0|95.0
郑州|高新区|0|31.91|44|1|0|0|0|0|1|0|1|0|0|32.0
郑州|高新区|5|75.67|29|0|0|1|0|0|1|0|1|0|0|115.0
郑州|高新区|0|46.91|24|0|0|1|0|0|0|1|0|1|0|62.0
郑州|高新区|0|49.86|24|0|0|0|1|0|1|0|0|1|0|55.0
郑州|高新区|4|40.31|20|0|1|0|0|0|1|0|0|1|0|65.0
郑州|高新区|0|45.42|13|0|0|0|1|0|1|0|0|0|1|44.0
郑州|高新区|0|43.15|11|0|1|0|0|0|1|0|0|1|0|56.0
郑州|高新区|4|40.86|20|0|1|0|0|0|0|1|0|1|0|62.0
郑州|高新区|5|68.71|6|0|0|1|0|0|1|0|0|0|1|60.0
郑州|高新区|5|89.83|28|0|0|1|0|0|1|0|0|0|1|123.0
郑州|高新区|5|89.83|20|0|0|1|0|0|1|0|0|1|0|65.0
郑州|高新区|0|58.23|23|0|1|0|0|0|0|1|1|0|0|65.0
郑州|高新区|1|58.23|23|0|0|0|1|0|1|0|1|0|0|719.0
郑州|高新区|4|40.31|20|0|1|0|0|0|1|0|0|1|0|62.0
郑州|高新区|0|37.17|28|0|1|0|0|0|1|0|1|0|0|33.0
郑州|高新区|4|37.17|20|0|1|0|0|0|1|0|0|1|0|65.0
郑州|高新区|0|48.82|24|0|0|0|1|0|1|0|0|1|0|47.0
郑州|高新区|0|57.34|23|0|0|1|0|0|1|0|1|0|0|76.0
郑州|高新区|1|57.25|23|0|0|1|0|0|1|0|1|0|0|75.0
郑州|高新区|4|48.07|20|1|0|0|0|0|1|0|0|0|1|52.0
郑州|高新区|0|40.84|23|0|0|1|0|0|1|0|1|0|0|50.0
郑州|高新区|1|47.58|18|0|1|0|0|0|0|1|0|1|0|75.0
郑州|高新区|5|87.99|6|0|0|1|0|0|1|0|0|1|0|120.0
郑州|高新区|1|60.51|23|0|0|1|0|0|1|0|1|0|0|85.0
郑州|高新区|5|76.17|6|0|0|1|0|0|1|0|0|1|0|100.0
郑州|高新区|4|40.25|20|0|1|0|0|0|1|0|0|1|0|60.0
郑州|高新区|4|37.74|20|0|1|0|0|0|1|0|0|1|0|55.0
郑州|高新区|4|59.07|34|0|0|1|0|0|1|0|0|0|1|70.0
郑州|高新区|7|84.31|15|0|0|1|0|0|1|0|0|1|0|115.0
郑州|高新区|1|84.31|23|0|0|1|0|0|0|1|1|0|0|80.0
郑州|高新区|7|88.71|15|0|0|1|0|0|0|1|0|1|0|108.0
郑州|高新区|4|35.92|15|0|0|1|0|0|0|1|0|0|1|43.0
郑州|高新区|4|89.17|11|0|0|1|0|0|1|0|0|1|0|138.0
郑州|高新区|1|36.04|28|0|0|1|0|0|1|0|1|0|0|25.0
郑州|高新区|0|40.84|23|0|1|0|0|0|1|0|1|0|0|52.0
郑州|高新区|5|84.79|6|0|0|1|0|0|1|0|0|0|1|100.0
郑州|高新区|0|84.79|23|0|1|0|0|0|0|1|0|0|1|42.0
郑州|高新区|0|40.84|23|0|1|0|0|0|1|0|1|0|0|55.0
郑州|高新区|5|79.08|34|0|0|1|0|0|1|0|0|0|1|123.0
郑州|高新区|7|79.08|20|0|0|1|0|0|1|0|0|1|0|78.0
郑州|高新区|4|74.97|23|0|0|1|0|0|1|0|0|0|1|90.0
郑州|高新区|5|89.47|6|0|0|1|0|0|1|0|0|0|1|108.0
郑州|高新区|5|89.32|18|0|0|1|0|0|1|0|0|1|0|114.0
郑州|高新区|5|48.53|20|0|0|1|0|0|0|1|0|1|0|76.0
郑州|高新区|4|66.98|23|0|0|1|0|0|0|1|0|0|1|85.0
郑州|高新区|4|61.73|23|1|0|0|0|0|1|0|0|0|1|83.0
郑州|高新区|6|73.09|5|0|0|1|0|0|1|0|0|0|1|58.0
郑州|高新区|4|98.17|15|0|0|1|0|0|1|0|0|1|0|128.0
郑州|高新区|5|76.93|6|0|0|1|0|0|1|0|0|0|1|85.0
郑州|高新区|1|57.34|23|0|0|1|0|0|0|1|1|0|0|78.0
郑州|高新区|4|57.25|23|0|0|1|0|0|0|1|1|0|0|80.0
郑州|高新区|5|91.36|18|0|0|1|0|0|1|0|0|1|0|128.0
郑州|高新区|2|65.96|34|0|0|1|0|0|1|0|0|1|0|100.0
郑州|高新区|1|46.19|33|0|0|1|0|0|0|1|0|1|0|895.0
郑州|高新区|1|52.13|32|0|0|1|0|0|1|0|0|1|0|65.0
郑州|高新区|1|57.34|23|0|0|1|0|0|0|1|1|0|0|70.0
郑州|高新区|0|32.84|28|0|1|0|0|0|1|0|0|1|0|39.0
郑州|高新区|0|35.68|18|0|1|0|0|0|1|0|0|1|0|45.0
郑州|高新区|4|35.68|6|0|0|1|0|0|0|1|0|0|1|78.0
郑州|高新区|4|61.19|23|0|0|1|0|0|1|0|1|0|0|69.0
郑州|高新区|1|57.25|23|0|0|1|0|0|0|1|1|0|0|85.0
郑州|高新区|1|35.67|18|0|1|0|0|0|0|1|0|1|0|52.0
郑州|高新区|4|59.87|34|0|0|1|0|0|0|1|0|0|1|708.0
郑州|高新区|5|88.84|6|0|0|1|0|0|1|0|0|0|1|102.0
郑州|高新区|4|88.84|33|0|0|1|0|0|0|1|0|0|1|865.0
郑州|高新区|1|36.09|13|0|1|0|0|0|0|1|0|1|0|42.0
郑州|高新区|5|36.09|18|0|0|1|0|0|0|1|1|0|0|131.0
郑州|高新区|4|37.85|20|0|0|1|0|0|0|1|0|1|0|69.0
郑州|高新区|1|57.43|27|0|0|1|0|0|1|0|0|0|1|70.0
郑州|高新区|0|32.84|28|0|1|0|0|0|0|1|0|1|0|41.0
郑州|高新区|6|32.84|15|0|0|1|0|0|1|0|0|0|1|58.0
郑州|高新区|1|57.89|6|0|0|1|0|0|0|1|0|0|1|72.0
郑州|高新区|0|57.89|23|0|1|0|0|0|1|0|0|0|1|45.0
郑州|高新区|6|50.76|20|0|1|0|0|0|1|0|0|1|0|85.0
郑州|高新区|1|40.84|23|0|1|0|0|0|1|0|1|0|0|60.0
郑州|高新区|0|33.64|23|0|1|0|0|0|1|0|0|0|1|41.0
郑州|高新区|5|80.77|27|0|0|1|0|0|1|0|0|0|1|112.0
郑州|高新区|5|86.92|25|0|0|1|0|0|1|0|0|0|1|118.0
郑州|高新区|5|87.23|17|0|0|1|0|0|0|1|0|0|1|129.0
郑州|高新区|1|87.23|33|0|1|0|0|0|1|0|0|1|0|72.0
郑州|高新区|4|61.57|9|0|0|1|0|0|1|0|1|0|0|90.0
郑州|高新区|5|86.21|34|0|0|1|0|0|0|1|0|1|0|107.0
郑州|高新区|1|46.91|24|1|0|0|0|0|0|1|0|1|0|49.0
郑州|高新区|1|40.57|23|0|0|1|0|0|1|0|1|0|0|50.0
郑州|高新区|1|42.67|9|0|0|1|0|0|1|0|0|0|1|43.0
郑州|高新区|6|49.79|20|0|0|1|0|0|0|1|0|1|0|75.0
郑州|高新区|1|57.34|23|0|0|1|0|0|0|1|1|0|0|68.0
郑州|高新区|0|31.54|9|0|0|0|1|0|1|0|0|0|1|36.0
郑州|高新区|5|60.98|34|0|0|1|0|0|0|1|0|1|0|78.0
郑州|高新区|1|32.64|28|0|1|0|0|0|1|0|1|0|0|25.0
郑州|高新区|0|31.54|9|0|0|0|1|0|1|0|0|0|1|35.0
郑州|高新区|4|76.51|33|0|0|1|0|0|1|0|0|0|1|96.0
郑州|高新区|0|44.99|9|1|0|0|0|0|1|0|0|0|1|40.0
郑州|高新区|0|33.64|23|0|1|0|0|0|1|0|0|0|1|439.0
郑州|高新区|1|40.83|23|0|1|0|0|0|1|0|1|0|0|55.0
郑州|高新区|0|41.65|33|0|1|0|0|0|1|0|0|1|0|52.0
郑州|高新区|5|104.57|18|0|0|0|1|0|0|1|1|0|0|120.0
郑州|高新区|0|31.54|9|0|0|0|1|0|0|1|0|0|1|35.0
郑州|高新区|0|42.27|9|1|0|0|0|0|1|0|0|0|1|42.0
郑州|高新区|1|32.84|28|0|0|1|0|0|0|1|0|1|0|395.0
郑州|高新区|5|87.82|6|0|0|0|1|0|0|1|0|0|1|115.0
郑州|高新区|1|45.36|24|0|0|1|0|0|0|1|0|0|1|69.0
郑州|高新区|0|31.54|9|0|0|0|1|0|0|1|0|0|1|35.0
郑州|高新区|1|31.54|33|0|1|0|0|0|1|0|0|1|0|72.0
郑州|高新区|4|61.57|9|0|0|1|0|0|1|0|1|0|0|90.0
郑州|高新区|0|31.54|9|0|0|0|1|0|1|0|0|0|1|36.0
郑州|高新区|4|76.51|33|0|0|1|0|0|1|0|0|0|1|96.0
郑州|高新区|0|33.64|23|0|1|0|0|0|1|0|0|0|1|439.0
郑州|高新区|5|104.57|18|0|0|0|1|0|0|1|1|0|0|120.0
郑州|高新区|1|42.27|9|1|0|0|0|0|1|0|0|0|1|408.0
郑州|高新区|0|49.86|24|0|0|0|1|0|1|0|0|1|0|54.0
郑州|高新区|1|47.73|33|0|1|0|0|0|0|1|0|1|0|75.0
郑州|高新区|0|30.35|9|0|0|0|1|0|1|0|0|0|1|33.0
郑州|高新区|4|49.79|20|0|0|1|0|0|0|1|0|1|0|75.0
郑州|高新区|0|40.84|23|0|1|0|0|0|1|0|1|0|0|485.0
郑州|高新区|4|93.28|16|0|0|1|0|0|0|1|0|0|1|118.0
郑州|高新区|0|41.65|33|0|1|0|0|0|1|0|0|1|0|52.0
郑州|高新区|4|37.85|20|0|0|1|0|0|0|1|0|1|0|69.0
郑州|高新区|4|74.97|23|0|0|1|0|0|1|0|0|0|1|95.0
郑州|高新区|4|56.12|23|0|0|1|0|0|1|0|0|0|1|739.0
郑州|高新区|0|57.88|23|0|0|1|0|0|0|1|1|0|0|71.0
郑州|高新区|6|57.88|20|0|0|1|0|0|0|1|0|1|0|73.0
郑州|高新区|1|40.83|23|0|1|0|0|0|1|0|1|0|0|55.0
郑州|高新区|1|57.42|27|0|0|1|0|0|1|0|0|0|1|66.0
郑州|高新区|1|67.14|23|1|0|0|0|0|1|0|1|0|0|84.0
郑州|高新区|4|40.31|20|0|1|0|0|0|1|0|0|1|0|65.0
郑州|高新区|5|67.14|23|0|0|1|0|0|1|0|1|0|0|81.0
郑州|高新区|4|38.83|20|0|0|1|0|0|1|0|0|1|0|59.0
郑州|高新区|4|40.31|20|0|1|0|0|0|1|0|0|1|0|65.0
郑州|高新区|1|67.14|23|1|0|0|0|0|1|0|1|0|0|84.0
郑州|高新区|1|57.42|27|0|0|1|0|0|1|0|0|0|1|66.0
郑州|高新区|7|103.71|33|0|0|1|0|1|0|0|0|0|1|148.0
郑州|高新区|5|87.66|33|0|0|1|0|1|0|0|0|0|1|120.0
郑州|高新区|5|93.26|16|0|0|1|0|0|0|1|0|1|0|140.0
郑州|高新区|6|145.28|7|0|0|1|0|0|0|1|0|0|1|305.0
郑州|高新区|6|145.28|34|0|0|1|0|1|0|0|0|1|0|148.0
郑州|高新区|5|79.53|27|0|0|1|0|1|0|0|0|1|0|150.0
郑州|高新区|6|116.24|34|0|0|1|0|1|0|0|0|1|0|146.0
郑州|高新区|4|68.59|34|0|0|1|0|0|1|0|0|1|0|93.0
郑州|高新区|4|68.71|6|0|0|1|0|0|1|0|0|0|1|68.0
郑州|高新区|6|82.53|34|0|0|1|0|0|1|0|0|1|0|127.0
郑州|高新区|5|94.06|6|0|0|1|0|0|1|0|0|0|1|98.0
郑州|高新区|7|112.83|33|0|0|1|0|1|0|0|0|0|1|135.0
郑州|高新区|4|71.17|6|0|0|1|0|0|0|1|0|0|1|75.0
郑州|高新区|4|81.89|33|1|0|0|0|0|0|1|0|1|0|110.0
郑州|高新区|4|81.89|34|1|0|0|0|0|0|1|0|1|0|91.0
郑州|高新区|7|88.16|34|0|0|1|0|0|0|1|0|0|1|117.0
郑州|高新区|7|88.16|33|0|0|1|0|0|1|0|0|1|0|118.0
郑州|高新区|5|85.94|6|0|0|1|0|0|1|0|0|0|1|125.0
郑州|高新区|5|84.02|6|0|0|1|0|0|1|0|0|0|1|106.0
郑州|高新区|7|108.27|33|0|0|1|0|1|0|0|0|1|0|131.0
郑州|高新区|7|108.27|34|0|0|1|0|0|1|0|0|1|0|105.0
郑州|高新区|5|84.24|15|0|0|1|0|0|1|0|0|0|1|105.0
郑州|高新区|4|88.41|6|0|0|1|0|0|0|1|0|0|1|114.0
郑州|高新区|7|115.41|6|0|0|1|0|1|0|0|0|0|1|308.0
郑州|高新区|4|115.41|33|0|0|1|0|0|1|0|0|1|0|99.0
郑州|高新区|4|81.08|33|0|0|1|0|1|0|0|0|0|1|106.0
郑州|高新区|4|81.08|25|0|0|1|0|0|1|0|0|0|1|105.0
郑州|高新区|4|81.08|33|0|0|1|0|0|1|0|0|1|0|99.0
郑州|高新区|6|86.32|34|0|0|1|0|0|1|0|0|0|1|205.0
郑州|高新区|7|145.28|7|0|0|1|0|0|1|0|0|0|1|295.0
郑州|高新区|7|145.28|6|0|0|1|0|0|0|1|0|0|1|145.0
郑州|高新区|7|87.64|34|0|0|1|0|0|1|0|0|1|0|95.0
郑州|高新区|7|89.37|34|1|0|0|0|0|1|0|0|0|1|167.0
郑州|高新区|6|88.08|33|0|0|1|0|0|1|0|0|0|1|128.0
郑州|高新区|4|77.66|34|0|0|1|0|0|0|1|1|0|0|94.0
郑州|高新区|5|100.93|17|0|0|1|0|0|1|0|0|0|1|102.0
郑州|高新区|7|100.93|33|0|0|1|0|0|0|1|0|0|1|130.0
郑州|高新区|7|106.81|34|0|0|1|0|1|0|0|0|0|1|138.0
郑州|高新区|4|76.85|34|0|0|1|0|0|1|0|0|0|1|97.0
郑州|高新区|2|57.68|6|0|0|1|0|0|1|0|0|0|1|52.0
郑州|高新区|6|89.65|34|0|0|1|0|0|1|0|0|1|0|126.0
郑州|高新区|7|97.73|15|0|0|1|0|0|1|0|0|0|1|121.0
郑州|高新区|7|97.73|33|0|0|1|0|0|0|1|0|0|1|146.0
郑州|高新区|7|88.97|33|0|0|1|0|0|0|1|1|0|0|138.0
郑州|高新区|7|88.16|33|0|0|1|0|1|0|0|0|1|0|115.0
郑州|高新区|5|86.36|15|0|0|1|0|0|1|0|0|0|1|101.0
郑州|高新区|7|88.37|34|0|0|1|0|1|0|0|0|0|1|190.0
郑州|高新区|7|112.34|33|0|0|1|0|0|0|1|1|0|0|166.0
郑州|高新区|7|89.71|30|0|0|1|0|0|0|1|1|0|0|138.0
郑州|高新区|7|84.64|33|0|0|1|0|0|1|0|0|1|0|124.0
郑州|高新区|7|87.97|34|0|0|1|0|0|0|1|0|1|0|150.0
郑州|高新区|5|87.95|6|0|0|1|0|0|1|0|0|0|1|89.0
郑州|高新区|7|93.26|27|0|0|1|0|0|1|0|0|0|1|120.0
郑州|高新区|7|82.11|33|0|0|1|0|0|0|1|0|0|1|122.0
郑州|高新区|7|88.91|33|0|0|1|0|0|0|1|0|0|1|115.0
郑州|高新区|7|121.47|8|0|0|1|0|0|0|1|0|0|1|210.0
郑州|高新区|6|89.53|34|0|0|1|0|0|0|1|0|1|0|118.0
郑州|高新区|7|123.57|27|0|0|1|0|0|0|1|0|0|1|165.0
郑州|高新区|6|133.67|33|0|0|1|0|0|0|1|0|1|0|180.0
郑州|高新区|7|88.25|34|0|0|1|0|0|0|1|0|0|1|118.0
郑州|高新区|9|177.71|16|0|0|1|0|0|0|1|0|1|0|264.0
郑州|高新区|8|129.67|34|0|0|1|0|1|0|0|1|0|0|248.0
郑州|高新区|6|99.87|34|0|0|1|0|0|1|0|0|1|0|142.0
郑州|高新区|7|95.94|6|0|0|1|0|0|1|0|0|0|1|125.0
郑州|高新区|7|88.64|34|0|0|0|1|0|0|1|0|0|1|124.0
郑州|高新区|6|87.75|34|0|0|1|0|0|0|1|0|0|1|122.0
郑州|高新区|13|178.19|6|0|0|1|0|0|1|0|0|0|1|160.0
郑州|高新区|7|178.19|34|0|0|1|0|0|0|1|0|0|1|120.0
郑州|高新区|4|87.45|18|0|0|1|0|0|0|1|1|0|0|260.0
郑州|高新区|7|92.41|24|0|0|1|0|0|1|0|0|0|1|143.0
郑州|高新区|7|81.14|34|0|0|1|0|0|0|1|0|1|0|126.0
郑州|高新区|7|81.14|32|0|0|1|0|0|1|0|0|0|1|198.0
郑州|高新区|8|81.98|11|0|0|1|0|0|0|1|0|0|1|120.0
郑州|高新区|7|107.61|6|0|0|1|0|0|0|1|0|0|1|107.0
郑州|高新区|7|109.02|18|0|0|1|0|0|1|0|1|0|0|1175.0
郑州|高新区|7|109.02|34|0|0|1|0|0|1|0|0|1|0|148.0
郑州|高新区|7|89.17|27|0|0|1|0|0|0|1|0|1|0|165.0
郑州|高新区|6|88.53|18|0|0|1|0|0|1|0|0|0|1|128.0
郑州|高新区|6|113.64|29|0|0|1|0|0|1|0|1|0|0|168.0
郑州|高新区|6|111.66|18|0|0|1|0|0|1|0|1|0|0|138.0
郑州|高新区|9|111.66|34|0|0|1|0|0|1|0|0|1|0|175.0
郑州|高新区|7|90.67|32|0|0|1|0|0|1|0|0|1|0|127.0
郑州|高新区|7|130.12|34|1|0|0|0|0|0|1|0|1|0|270.0
郑州|高新区|7|119.17|33|0|0|1|0|0|0|1|0|0|1|145.0
郑州|高新区|7|141.39|34|0|0|1|0|0|0|1|0|0|1|185.0
郑州|高新区|7|93.26|27|0|0|1|0|0|1|0|0|0|1|128.0
郑州|高新区|7|88.77|34|0|0|1|0|0|1|0|0|0|1|111.0
郑州|高新区|7|108.96|18|0|0|1|0|1|0|0|0|1|0|120.0
郑州|高新区|7|89.54|34|0|0|1|0|0|0|1|0|1|0|128.0
郑州|高新区|7|95.64|6|0|0|1|0|0|0|1|0|0|1|135.0
郑州|高新区|7|88.77|34|0|0|1|0|0|1|0|0|0|1|111.0
郑州|高新区|9|186.76|16|0|0|1|0|0|0|1|0|1|0|299.0
郑州|高新区|9|124.67|6|0|0|1|0|0|0|1|0|0|1|123.0
郑州|高新区|6|124.67|18|0|0|1|0|1|0|0|1|0|0|112.0
郑州|高新区|6|124.67|34|0|0|1|0|0|0|1|0|0|1|164.0
郑州|高新区|4|52.69|19|0|1|0|0|0|1|0|1|0|0|63.0
郑州|高新区|1|42.66|18|0|1|0|0|0|0|1|0|0|1|30.0
郑州|高新区|0|42.66|28|0|0|1|0|0|0|1|1|0|0|386.0
郑州|高新区|1|32.64|28|0|1|0|0|0|0|1|1|0|0|248.0
郑州|高新区|1|37.17|28|0|0|1|0|0|0|1|0|0|1|35.0
郑州|高新区|7|37.17|34|0|0|1|0|1|0|0|0|1|0|116.0
郑州|高新区|1|46.36|28|0|0|1|0|0|1|0|1|0|0|486.0
郑州|高新区|1|53.89|30|0|0|1|0|0|0|1|1|0|0|435.0
郑州|高新区|1|34.71|29|0|0|1|0|0|0|1|0|1|0|278.0
郑州|高新区|4|53.33|19|0|1|0|0|0|1|0|1|0|0|64.0
郑州|高新区|1|57.25|23|0|0|1|0|0|0|1|1|0|0|79.0
郑州|高新区|4|82.15|33|0|0|1|0|1|0|0|0|1|0|105.0
郑州|高新区|1|53.89|30|0|0|1|0|0|0|1|1|0|0|50.0
郑州|高新区|0|31.61|29|0|0|0|1|0|0|1|0|1|0|193.0
郑州|高新区|0|33.35|9|0|0|0|1|0|0|1|0|0|1|38.0
郑州|高新区|0|48.82|24|0|0|0|1|0|1|0|0|1|0|50.0
郑州|高新区|4|57.96|9|0|0|1|0|0|0|1|1|0|0|115.0
郑州|高新区|0|35.02|29|0|0|1|0|0|0|1|0|1|0|39.0
郑州|高新区|0|35.02|15|0|0|1|0|1|0|0|0|0|1|33.0
郑州|高新区|7|127.73|34|0|0|1|0|0|0|1|0|0|1|212.0
郑州|高新区|7|83.67|33|0|0|1|0|0|0|1|0|0|1|106.0
郑州|高新区|4|83.67|33|1|0|0|0|0|1|0|0|1|0|90.0
郑州|高新区|5|83.67|13|0|0|1|0|0|0|1|0|0|1|70.0
郑州|高新区|4|48.07|20|1|0|0|0|0|1|0|0|0|1|61.0
郑州|高新区|5|89.52|6|0|0|1|0|0|1|0|0|0|1|95.0
郑州|高新区|7|89.52|33|0|0|1|0|0|0|1|0|0|1|118.0
郑州|高新区|6|89.52|34|0|0|1|0|0|1|0|0|0|1|128.0
郑州|高新区|7|87.51|10|0|0|0|1|0|0|1|0|0|1|160.0
郑州|高新区|5|93.26|16|0|0|1|0|0|0|1|0|1|0|1125.0
郑州|高新区|4|93.26|20|0|0|0|1|0|1|0|0|0|1|49.0
郑州|高新区|1|45.91|34|0|0|1|0|0|0|1|0|1|0|42.0
郑州|高新区|1|49.86|24|0|0|0|1|0|0|1|0|1|0|62.0
郑州|高新区|5|49.86|20|0|0|1|0|0|0|1|0|0|1|583.0
郑州|高新区|5|72.83|33|0|0|1|0|0|1|0|0|1|0|95.0
郑州|高新区|5|85.07|7|0|0|1|0|0|1|0|0|0|1|90.0
郑州|高新区|7|82.99|34|0|0|1|0|0|1|0|0|1|0|130.0
郑州|高新区|5|82.99|34|0|0|1|0|0|0|1|0|1|0|106.0
郑州|高新区|7|90.34|34|0|0|1|0|0|1|0|0|1|0|128.0
郑州|高新区|5|90.34|13|0|0|1|0|0|0|1|0|0|1|515.0
郑州|高新区|7|97.73|15|0|0|1|0|0|0|1|0|0|1|131.0
郑州|高新区|5|90.48|15|0|0|1|0|0|0|1|0|0|1|108.0
郑州|高新区|5|81.81|33|0|1|0|0|0|1|0|0|1|0|108.0
郑州|高新区|4|38.79|33|0|0|1|0|0|1|0|0|0|1|52.0
郑州|高新区|4|76.98|33|0|0|0|1|0|0|1|0|1|0|111.0
郑州|高新区|4|83.16|34|0|0|1|0|0|0|1|0|1|0|107.0
郑州|高新区|5|79.74|26|0|0|1|0|0|0|1|0|0|1|1195.0
郑州|高新区|6|93.47|6|0|0|1|0|0|0|1|0|0|1|1125.0
郑州|高新区|6|86.82|34|0|0|1|0|1|0|0|0|0|1|121.0
郑州|高新区|4|81.85|33|0|0|1|0|0|0|1|0|0|1|1045.0
郑州|高新区|6|89.82|33|0|0|1|0|0|0|1|1|0|0|132.0
郑州|高新区|4|42.01|21|0|0|1|0|0|0|1|0|0|1|41.0
郑州|高新区|5|42.01|6|0|0|1|0|0|1|0|0|0|1|92.0
郑州|高新区|4|42.01|21|0|0|1|0|0|0|1|0|0|1|41.0
郑州|高新区|6|89.82|33|0|0|1|0|0|0|1|1|0|0|132.0
郑州|高新区|6|86.82|34|0|0|1|0|1|0|0|0|0|1|121.0
郑州|高新区|4|81.85|33|0|0|1|0|0|0|1|0|0|1|1045.0
郑州|高新区|5|86.52|26|0|0|1|0|0|1|0|1|0|0|107.0
郑州|高新区|7|87.65|33|0|0|1|0|0|0|1|0|1|0|1699.0
郑州|高新区|6|81.53|19|0|0|1|0|0|1|0|0|1|0|89.0
郑州|高新区|7|89.71|30|0|0|1|0|0|0|1|1|0|0|135.0
郑州|高新区|7|83.95|34|0|0|1|0|0|0|1|0|0|1|113.0
郑州|高新区|6|98.38|26|0|0|1|0|0|0|1|0|0|1|160.0
郑州|高新区|5|69.85|6|0|0|1|0|0|1|0|0|0|1|83.0
郑州|高新区|6|87.31|33|0|0|1|0|0|0|1|0|0|1|132.0
郑州|高新区|7|109.72|18|0|0|1|0|0|0|1|0|1|0|141.0
郑州|高新区|7|88.15|34|0|0|1|0|0|0|1|0|0|1|123.0
郑州|高新区|4|48.07|20|1|0|0|0|0|1|0|0|0|1|45.0
郑州|高新区|0|42.89|44|1|0|0|0|0|1|0|1|0|0|30.0
郑州|高新区|4|38.83|20|0|0|1|0|0|1|0|0|1|0|61.0
郑州|高新区|0|46.91|24|0|0|1|0|0|0|1|0|1|0|53.0
郑州|高新区|0|48.82|24|1|0|0|0|1|0|0|0|1|0|55.0
郑州|高新区|1|35.02|29|0|1|0|0|0|0|1|0|1|0|34.0
郑州|高新区|5|90.48|15|0|0|1|0|0|1|0|0|0|1|109.0
郑州|高新区|4|58.81|6|0|0|1|0|1|0|0|0|0|1|605.0
郑州|高新区|4|85.27|11|0|0|1|0|0|1|0|0|0|1|108.0
郑州|高新区|0|29.42|6|0|0|0|1|0|1|0|0|0|1|43.0
郑州|高新区|4|82.03|15|0|0|1|0|0|1|0|0|0|1|143.0
郑州|高新区|1|48.07|20|1|0|0|0|0|1|0|0|0|1|48.0
郑州|高新区|1|48.07|29|0|0|1|0|0|1|0|0|1|0|26.0
郑州|高新区|5|81.89|33|1|0|0|0|1|0|0|0|1|0|97.0
郑州|高新区|0|32.84|28|0|1|0|0|0|0|1|0|1|0|38.0
郑州|高新区|4|48.53|20|0|0|1|0|0|1|0|0|1|0|86.0
郑州|高新区|2|63.71|27|0|0|1|0|0|1|0|0|1|0|55.0
郑州|高新区|1|36.09|13|0|0|1|0|0|0|1|0|1|0|43.0
郑州|高新区|4|74.97|23|0|0|1|0|0|1|0|0|0|1|90.0
郑州|高新区|5|74.97|6|0|0|1|0|0|1|0|0|0|1|84.0
郑州|高新区|1|47.73|33|0|1|0|0|0|0|1|0|1|0|675.0
郑州|高新区|4|37.41|9|0|0|1|0|0|1|0|0|0|1|56.0
郑州|高新区|4|66.56|33|0|0|1|0|0|0|1|0|1|0|95.0
郑州|高新区|4|37.85|20|0|0|1|0|0|0|1|0|1|0|70.0
郑州|高新区|1|37.85|29|0|0|0|1|0|0|1|0|1|0|40.0
郑州|高新区|1|37.85|44|0|0|1|0|0|1|0|1|0|0|295.0
郑州|高新区|5|77.83|24|0|0|1|0|0|1|0|0|0|1|110.0
郑州|高新区|5|77.83|15|0|0|1|0|0|1|0|0|0|1|1095.0
郑州|高新区|6|89.96|34|0|0|1|0|0|1|0|0|0|1|125.0
郑州|高新区|7|127.73|34|0|0|1|0|1|0|0|0|0|1|218.0
郑州|高新区|7|142.19|33|0|0|1|0|0|1|0|0|1|0|215.0
郑州|高新区|5|72.17|33|0|0|1|0|0|0|1|0|1|0|90.0
郑州|高新区|4|79.32|34|0|0|1|0|0|1|0|0|0|1|104.0
郑州|高新区|4|77.44|34|0|0|1|0|0|1|0|0|0|1|103.0
郑州|高新区|5|87.89|28|1|0|0|0|0|1|0|1|0|0|86.0
郑州|高新区|4|86.21|11|0|0|1|0|0|0|1|0|0|1|112.0
郑州|高新区|7|103.56|34|0|0|1|0|0|0|1|0|1|0|130.0
郑州|高新区|7|108.76|26|0|0|1|0|0|1|0|0|0|1|193.0
郑州|高新区|9|110.05|30|1|0|0|0|0|0|1|0|1|0|230.0
郑州|高新区|6|89.71|26|0|0|1|0|0|0|1|1|0|0|150.0
郑州|高新区|5|90.39|33|0|0|1|0|0|0|1|0|0|1|135.0
郑州|高新区|7|98.19|11|0|0|1|0|0|1|0|0|0|1|130.0
郑州|高新区|4|72.96|32|0|1|0|0|0|0|1|0|1|0|95.0
郑州|高新区|4|74.97|23|0|0|1|0|0|1|0|0|0|1|100.0
郑州|高新区|6|88.73|33|0|0|1|0|0|0|1|1|0|0|135.0
郑州|高新区|7|111.57|33|0|0|1|0|0|0|1|0|0|1|170.0
郑州|高新区|4|67.14|23|0|0|1|0|0|1|0|1|0|0|81.0
郑州|高新区|5|86.24|33|0|0|1|0|0|1|0|0|1|0|118.0
郑州|高新区|5|77.95|24|0|0|0|1|0|0|1|0|0|1|103.0
郑州|高新区|7|81.59|34|0|0|1|0|0|0|1|0|1|0|130.0
郑州|高新区|7|112.08|34|0|0|1|0|0|0|1|0|1|0|168.0
郑州|高新区|7|88.71|34|0|0|1|0|0|1|0|0|0|1|203.0
郑州|高新区|4|68.36|27|0|0|1|0|0|1|0|0|0|1|82.0
郑州|高新区|6|95.98|26|1|0|0|0|0|1|0|0|0|1|1465.0
郑州|高新区|9|96.69|20|0|0|1|0|0|1|0|0|0|1|188.0
郑州|高新区|7|96.69|34|0|0|1|0|0|1|0|0|0|1|172.0
郑州|高新区|7|106.34|27|0|0|1|0|1|0|0|0|0|1|123.0
郑州|高新区|4|71.84|18|0|0|1|0|0|1|0|0|0|1|102.0
郑州|高新区|5|89.53|34|0|0|1|0|0|0|1|0|0|1|130.0
郑州|高新区|4|90.05|11|0|0|1|0|0|1|0|0|0|1|113.0
郑州|高新区|7|88.91|33|0|0|1|0|0|1|0|0|0|1|118.0
郑州|高新区|5|75.27|34|0|0|1|0|0|0|1|0|0|1|100.0
郑州|高新区|7|88.82|30|0|0|1|0|0|0|1|0|0|1|123.0
郑州|高新区|4|57.04|6|0|0|1|0|0|1|0|0|0|1|51.0
郑州|高新区|5|84.24|15|0|0|1|0|0|0|1|0|0|1|115.0
郑州|高新区|4|76.86|34|0|0|1|0|0|0|1|0|0|1|95.0
郑州|高新区|5|68.89|33|0|1|0|0|0|1|0|0|1|0|85.0
郑州|高新区|7|88.24|34|0|0|1|0|0|0|1|0|0|1|115.0
郑州|高新区|7|109.95|34|0|0|1|0|0|1|0|0|1|0|156.0
郑州|高新区|7|89.53|34|0|0|1|0|1|0|0|0|1|0|112.0
郑州|高新区|7|92.04|26|0|0|1|0|1|0|0|0|0|1|125.0
郑州|高新区|7|110.24|15|0|0|1|0|0|1|0|0|0|1|78.0
郑州|高新区|5|77.78|34|0|0|1|0|0|0|1|0|0|1|97.0
郑州|高新区|7|82.35|33|0|0|1|0|0|1|0|1|0|0|120.0
郑州|高新区|4|54.14|6|0|0|1|0|0|1|0|0|0|1|66.0
郑州|高新区|5|69.96|34|0|0|1|0|0|0|1|0|1|0|966.0
郑州|高新区|7|82.35|33|0|0|1|0|0|1|0|1|0|0|120.0
郑州|高新区|4|54.14|6|0|0|1|0|0|1|0|0|0|1|66.0
郑州|高新区|7|134.06|15|0|0|1|0|0|1|0|0|1|0|100.0
郑州|高新区|7|85.84|34|0|0|1|0|0|0|1|0|0|1|142.0
郑州|高新区|7|117.37|25|0|0|1|0|0|0|1|0|1|0|178.0
郑州|高新区|6|47.95|20|0|1|0|0|0|0|1|0|1|0|83.0
郑州|高新区|7|47.95|6|0|0|1|0|0|1|0|0|0|1|140.0
郑州|高新区|5|76.91|30|0|0|1|0|0|0|1|0|0|1|110.0
郑州|高新区|7|109.09|18|0|0|1|0|0|0|1|1|0|0|120.0
郑州|高新区|7|109.09|26|0|0|1|0|0|0|1|0|0|1|129.0
郑州|高新区|5|86.55|26|0|0|1|0|0|1|0|1|0|0|115.0
郑州|高新区|6|122.79|6|0|0|1|0|0|1|0|0|0|1|140.0
郑州|高新区|7|88.32|34|0|0|1|0|0|1|0|0|0|1|142.0
郑州|高新区|7|126.72|34|0|0|1|0|0|0|1|0|0|1|240.0
郑州|高新区|6|82.35|33|0|0|1|0|0|0|1|0|0|1|120.0
郑州|高新区|6|82.35|20|0|0|1|0|0|0|1|0|1|0|76.0
郑州|高新区|7|82.35|33|0|0|1|0|0|0|1|1|0|0|120.0
郑州|高新区|6|88.32|34|0|0|1|0|0|0|1|0|0|1|128.0
郑州|高新区|5|93.11|6|0|0|1|0|0|1|0|0|0|1|120.0
郑州|高新区|7|99.62|15|0|0|1|0|0|0|1|0|0|1|131.0
郑州|高新区|7|112.34|26|0|0|1|0|0|0|1|1|0|0|170.0
郑州|高新区|5|94.54|6|0|0|1|0|0|0|1|0|0|1|100.0
郑州|高新区|5|90.46|34|0|0|1|0|0|1|0|0|0|1|113.0
郑州|高新区|7|108.79|26|0|0|1|0|0|1|0|1|0|0|122.0
郑州|高新区|5|108.79|6|0|0|1|0|0|0|1|0|0|1|105.0
郑州|高新区|5|88.52|26|0|0|1|0|0|0|1|0|0|1|115.0
郑州|高新区|4|68.71|6|0|0|1|0|0|1|0|0|0|1|728.0
郑州|高新区|7|90.16|34|0|0|1|0|0|1|0|0|1|0|126.0
郑州|高新区|6|85.37|34|0|0|1|0|0|0|1|0|0|1|120.0
郑州|高新区|5|89.62|34|0|0|1|0|0|0|1|0|1|0|120.0
郑州|高新区|1|59.48|23|0|0|1|0|0|1|0|1|0|0|75.0
郑州|高新区|7|89.06|26|0|0|1|0|0|0|1|0|0|1|145.0
郑州|高新区|7|88.89|34|0|0|1|0|0|0|1|0|0|1|1235.0
郑州|高新区|7|88.89|5|0|0|1|0|0|0|1|0|0|1|215.0
郑州|高新区|6|85.37|34|0|0|1|0|0|0|1|0|0|1|120.0
郑州|高新区|6|88.14|21|0|0|1|0|0|0|1|0|0|1|1385.0
郑州|高新区|9|143.49|20|0|0|1|0|0|0|1|0|0|1|256.0
郑州|高新区|7|88.21|33|0|0|1|0|0|0|1|1|0|0|126.0
郑州|高新区|7|88.03|15|0|0|1|0|0|0|1|0|1|0|101.0
郑州|高新区|0|38.65|44|0|0|1|0|0|1|0|1|0|0|35.0
郑州|高新区|7|46.93|18|0|0|1|0|0|1|0|0|0|1|45.0
郑州|高新区|1|40.08|29|0|0|1|0|0|0|1|0|1|0|36.0
郑州|高新区|1|35.02|29|0|1|0|0|0|1|0|0|1|0|31.0
郑州|高新区|0|52.58|28|0|0|1|0|0|0|1|1|0|0|62.0
郑州|高新区|4|48.46|19|0|0|1|0|0|1|0|0|0|1|53.0
郑州|高新区|4|40.22|15|1|0|0|0|0|0|1|0|1|0|40.0
郑州|高新区|5|45.86|33|0|1|0|0|1|0|0|0|0|1|43.0
郑州|高新区|0|48.07|20|0|0|0|1|0|1|0|0|0|1|49.0
郑州|高新区|0|56.27|44|0|1|0|0|0|1|0|1|0|0|54.0
郑州|高新区|0|50.22|30|0|0|1|0|0|0|1|1|0|0|478.0
郑州|高新区|0|24.54|31|0|1|0|0|0|0|1|1|0|0|26.0
郑州|高新区|6|48.14|15|0|0|0|1|0|0|1|0|1|0|45.0
郑州|高新区|0|49.25|20|0|0|0|1|0|1|0|0|0|1|45.0
郑州|高新区|4|75.76|34|0|0|1|0|0|1|0|0|1|0|74.0
郑州|高新区|0|49.86|24|1|0|0|0|0|0|1|0|1|0|51.0
郑州|高新区|4|69.29|27|0|0|1|0|0|0|1|0|0|1|49.0
郑州|高新区|0|24.54|31|0|1|0|0|0|0|1|1|0|0|26.0
郑州|高新区|5|74.84|33|0|0|1|0|0|0|1|1|0|0|104.0
郑州|高新区|1|49.86|24|1|0|0|0|0|1|0|0|1|0|65.0
郑州|高新区|1|43.34|33|0|0|1|0|0|1|0|0|0|1|38.0
郑州|高新区|1|49.86|24|1|0|0|0|0|1|0|0|1|0|65.0
郑州|高新区|0|48.82|24|0|0|0|1|0|1|0|0|1|0|70.0
郑州|高新区|1|46.91|24|0|0|1|0|0|1|0|0|1|0|59.0
郑州|高新区|1|42.16|21|0|0|1|0|1|0|0|0|0|1|42.0
郑州|高新区|1|61.44|24|0|0|1|0|0|1|0|0|1|0|73.0
郑州|高新区|0|61.44|24|0|0|0|1|0|1|0|0|1|0|55.0
郑州|高新区|5|41.21|15|0|0|1|0|0|0|1|0|1|0|50.0
郑州|高新区|4|75.73|34|0|0|1|0|0|1|0|0|1|0|65.0
郑州|高新区|5|91.74|34|0|0|1|0|0|1|0|0|1|0|113.0
郑州|高新区|4|93.58|6|0|0|1|0|0|1|0|0|0|1|110.0
郑州|高新区|4|35.77|18|0|1|0|0|0|1|0|0|0|1|36.0
郑州|高新区|1|61.44|24|0|0|1|0|0|0|1|0|1|0|75.0
郑州|高新区|0|46.91|24|0|0|1|0|0|1|0|0|1|0|57.0
郑州|高新区|0|41.98|28|0|1|0|0|0|1|0|1|0|0|36.0
郑州|高新区|1|73.55|23|0|0|1|0|0|0|1|1|0|0|80.0
郑州|高新区|1|57.34|23|0|0|1|0|0|0|1|1|0|0|80.0
郑州|高新区|4|39.13|15|0|0|1|0|0|1|0|0|0|1|39.0
郑州|高新区|1|39.13|24|0|0|0|1|0|1|0|0|1|0|42.0
郑州|高新区|1|48.82|24|1|0|0|0|0|1|0|0|1|0|49.0
郑州|高新区|0|48.82|24|0|0|0|1|0|1|0|0|1|0|46.0
郑州|高新区|1|49.86|24|0|0|1|0|0|1|0|0|1|0|508.0
郑州|高新区|5|75.76|34|0|0|1|0|0|0|1|0|1|0|65.0
郑州|高新区|0|48.83|24|0|0|0|1|0|0|1|0|1|0|50.0
郑州|高新区|0|32.84|28|0|1|0|0|0|1|0|0|1|0|377.0
郑州|高新区|4|100.93|17|0|0|1|0|0|1|0|0|0|1|107.0
郑州|高新区|0|100.93|24|1|0|0|0|0|0|1|0|1|0|52.0
郑州|高新区|1|40.83|20|0|1|0|0|0|1|0|0|1|0|65.0
郑州|高新区|4|56.59|5|0|0|1|0|0|1|0|0|0|1|52.0
郑州|高新区|4|55.92|17|0|0|1|0|0|1|0|0|0|1|76.0
郑州|高新区|4|76.61|34|0|0|1|0|1|0|0|0|0|1|90.0
郑州|高新区|5|89.44|17|0|0|1|0|0|1|0|0|0|1|115.0
郑州|高新区|4|61.19|23|0|0|1|0|0|1|0|1|0|0|73.0
郑州|高新区|5|86.68|26|0|0|1|0|0|0|1|0|0|1|125.0
郑州|高新区|4|42.01|21|1|0|0|0|0|1|0|0|0|1|39.0
郑州|高新区|4|40.31|20|0|1|0|0|0|1|0|0|1|0|59.0
郑州|高新区|0|40.31|24|0|0|0|1|0|1|0|0|1|0|51.0
郑州|高新区|5|77.71|17|0|0|1|0|0|1|0|0|0|1|112.0
郑州|高新区|4|39.13|44|1|0|0|0|0|1|0|1|0|0|87.0
郑州|高新区|7|85.14|33|0|0|1|0|0|0|1|0|0|1|120.0
郑州|高新区|6|142.19|33|0|0|1|0|0|0|1|0|1|0|213.0
郑州|高新区|7|142.19|27|0|0|1|0|1|0|0|0|1|0|150.0
郑州|高新区|7|90.36|33|0|0|1|0|0|0|1|0|1|0|123.0
郑州|高新区|6|90.36|33|0|0|1|0|0|0|1|0|0|1|122.0
郑州|高新区|1|45.62|44|1|0|0|0|0|0|1|1|0|0|44.0
郑州|高新区|5|74.72|34|0|0|1|0|0|1|0|0|1|0|65.0
郑州|高新区|7|84.49|11|0|0|1|0|0|1|0|0|0|1|102.0
郑州|高新区|5|90.93|15|0|0|1|0|0|1|0|0|1|0|116.0
郑州|高新区|5|85.38|15|0|0|1|0|0|0|1|0|0|1|130.0
郑州|高新区|7|126.48|34|0|0|1|0|0|0|1|0|0|1|193.0
郑州|高新区|7|90.26|18|0|0|1|0|0|1|0|0|1|0|126.0
郑州|高新区|4|89.97|18|0|0|1|0|0|0|1|0|1|0|115.0
郑州|高新区|7|124.87|27|0|0|1|0|0|0|1|0|0|1|172.0
郑州|高新区|4|124.87|20|0|1|0|0|0|1|0|0|1|0|70.0
郑州|高新区|0|47.49|9|1|0|0|0|0|1|0|0|0|1|54.0
郑州|高新区|5|83.41|6|0|0|1|0|0|0|1|1|0|0|103.0
郑州|高新区|4|40.83|20|0|1|0|0|0|1|0|0|1|0|65.0
郑州|高新区|9|51.86|5|0|0|1|0|0|0|1|0|0|1|100.0
郑州|高新区|5|91.17|28|0|0|1|0|0|0|1|0|1|0|120.0
郑州|高新区|15|162.01|6|0|0|1|0|0|1|0|0|0|1|420.0
郑州|高新区|9|81.85|6|0|0|1|0|1|0|0|0|0|1|196.0
郑州|高新区|13|214.39|3|0|0|1|0|1|0|0|0|0|1|560.0
郑州|高新区|17|148.65|15|0|0|1|0|0|0|1|0|0|1|225.0
郑州|高新区|12|145.66|15|0|0|1|0|0|0|1|0|0|1|210.0
郑州|高新区|4|38.24|20|0|1|0|0|0|1|0|0|1|0|55.0
郑州|高新区|5|87.71|18|0|0|1|0|0|1|0|0|0|1|125.0
郑州|高新区|13|256.65|15|0|0|1|0|0|0|1|0|0|1|380.0
郑州|高新区|9|128.87|15|0|0|1|0|0|0|1|0|1|0|195.0
郑州|高新区|7|89.08|33|0|0|1|0|0|0|1|0|1|0|180.0
郑州|高新区|9|160.14|15|0|0|1|0|0|1|0|0|0|1|230.0
郑州|高新区|0|47.13|9|1|0|0|0|0|1|0|0|0|1|45.0
郑州|高新区|0|42.27|9|1|0|0|0|0|1|0|0|0|1|40.0
郑州|高新区|0|44.99|9|1|0|0|0|0|1|0|0|0|1|42.0
郑州|高新区|16|44.99|14|0|0|1|0|0|0|1|0|0|1|410.0
郑州|高新区|7|106.34|27|0|0|1|0|0|1|0|0|0|1|127.0
郑州|高新区|4|77.44|34|0|0|1|0|0|1|0|0|0|1|115.0
郑州|高新区|7|87.27|34|0|0|1|0|0|1|0|0|0|1|128.0
郑州|高新区|6|89.63|34|0|0|1|0|0|1|0|0|0|1|136.0
郑州|高新区|7|89.63|33|0|0|1|0|0|1|0|0|1|0|120.0
郑州|高新区|4|66.34|23|0|0|1|0|0|0|1|0|0|1|80.0
郑州|高新区|5|68.89|33|0|0|1|0|0|1|0|0|1|0|92.0
郑州|高新区|7|113.44|26|0|0|1|0|0|0|1|0|0|1|158.0
郑州|高新区|5|88.68|6|0|0|1|0|0|1|0|0|0|1|80.0
郑州|高新区|5|82.57|27|0|0|1|0|0|0|1|0|0|1|105.0
郑州|高新区|6|75.19|20|0|0|1|0|0|0|1|0|1|0|112.0
郑州|高新区|0|24.08|31|0|1|0|0|0|1|0|1|0|0|26.0
郑州|高新区|8|24.08|18|0|0|1|0|0|1|0|1|0|0|105.0
郑州|高新区|1|87.89|28|0|0|1|0|0|1|0|1|0|0|88.0
郑州|高新区|4|45.09|20|0|0|1|0|0|0|1|0|0|1|58.0
郑州|高新区|7|104.27|6|0|0|1|0|0|1|0|0|0|1|104.0
郑州|高新区|1|45.91|34|0|0|1|0|0|0|1|0|1|0|41.0
郑州|高新区|6|94.43|33|0|0|1|0|0|0|1|0|0|1|152.0
郑州|高新区|7|94.43|7|0|0|1|0|0|1|0|0|1|0|162.0
郑州|高新区|7|94.43|34|0|0|1|0|0|1|0|0|1|0|145.0
郑州|高新区|4|35.12|19|0|1|0|0|0|1|0|0|1|0|45.0
郑州|高新区|4|34.56|19|0|1|0|0|0|1|0|0|1|0|45.0
郑州|高新区|7|136.64|7|0|0|1|0|0|1|0|0|0|1|300.0
郑州|高新区|5|84.05|6|0|0|1|0|0|1|0|0|0|1|110.0
郑州|高新区|7|117.39|35|0|0|1|0|0|0|1|0|0|1|145.0
郑州|高新区|5|117.39|15|0|0|1|0|1|0|0|0|0|1|108.0
郑州|高新区|7|88.61|35|0|0|1|0|0|0|1|0|0|1|115.0
郑州|高新区|7|87.48|33|0|0|1|0|0|1|0|0|1|0|178.0
郑州|高新区|5|87.83|18|0|0|1|0|0|1|0|0|0|1|115.0
郑州|高新区|1|76.91|28|0|0|1|0|0|1|0|1|0|0|769.0
郑州|高新区|5|90.26|11|0|0|1|0|0|1|0|0|1|0|99.0
郑州|高新区|7|108.39|18|0|0|1|0|0|0|1|0|0|1|165.0
郑州|高新区|6|85.11|34|0|0|1|0|0|1|0|0|0|1|117.0
郑州|高新区|7|89.81|32|0|0|1|0|0|1|0|0|1|0|155.0
郑州|高新区|9|190.71|7|0|0|1|0|1|0|0|0|0|1|520.0
郑州|高新区|4|59.87|34|0|0|1|0|0|0|1|0|0|1|668.0
郑州|高新区|4|35.74|9|1|0|0|0|0|1|0|0|0|1|598.0
郑州|高新区|1|47.73|33|0|1|0|0|0|1|0|0|1|0|73.0
郑州|高新区|15|126.08|3|0|0|1|0|1|0|0|0|0|1|
郑州|高新区|4|78.56|34|0|0|1|0|0|1|0|0|0|1|185.0
郑州|高新区|6|89.31|34|0|0|1|0|0|0|1|0|0|1|154.0
郑州|高新区|10|77.18|20|0|0|1|0|0|0|1|0|1|0|126.0
郑州|高新区|4|47.77|20|0|0|0|1|0|1|0|0|0|1|45.0
郑州|高新区|0|40.52|28|0|0|1|0|0|1|0|0|0|1|29.0
郑州|高新区|0|40.57|23|0|1|0|0|0|1|0|1|0|0|53.0
郑州|高新区|7|129.41|34|0|0|1|0|1|0|0|0|0|1|176.0
郑州|高新区|6|46.93|18|0|0|1|0|0|0|1|0|0|1|51.0
郑州|高新区|4|69.81|30|0|0|1|0|0|1|0|0|1|0|56.0
郑州|高新区|5|69.81|7|0|0|1|0|0|0|1|0|0|1|112.0
郑州|高新区|0|35.68|18|0|1|0|0|0|1|0|0|1|0|45.0
郑州|高新区|5|89.14|15|0|0|1|0|0|0|1|0|0|1|130.0
郑州|高新区|9|130.62|33|0|0|1|0|0|0|1|0|1|0|2895.0
郑州|高新区|4|87.11|31|0|0|1|0|0|1|0|0|0|1|133.0
郑州|高新区|1|45.87|34|0|0|1|0|0|1|0|0|1|0|45.0
郑州|高新区|4|45.87|16|0|0|1|0|0|0|1|0|0|1|117.0
郑州|高新区|6|45.87|18|0|0|1|0|0|0|1|0|0|1|200.0
郑州|高新区|7|120.53|32|0|0|1|0|0|1|0|0|1|0|210.0
郑州|高新区|4|120.53|9|0|0|0|1|0|1|0|0|0|1|60.0
郑州|高新区|4|120.53|20|0|0|1|0|0|0|1|0|1|0|68.0
郑州|高新区|7|128.14|34|0|0|1|0|1|0|0|0|0|1|148.0
